CINUM,SOURCECI,RELATIONNUM,TARGETCI,
WAFVIP-10.190.250.31,WAFVIP-10.190.250.31,PROTECTS,SERVER-10.19.36.5,
WAFVIP-10.190.250.83,WAFVIP-10.190.250.83,PROTECTS,SERVER-10.190.6.39,
WAFVIP-10.190.250.203,WAFVIP-10.190.250.203,PROTECTS,SERVER-10.190.6.39,
WAFVIP-10.190.250.42,WAFVIP-10.190.250.42,PROTECTS,SERVER-10.190.6.39,
WAFVIP-10.190.250.8,WAFVIP-10.190.250.8,PROTECTS,SERVER-10.19.32.38,
WAFVIP-10.190.250.204,WAFVIP-10.190.250.204,PROTECTS,SERVER-10.19.32.100,
WAFVIP-10.190.250.111,WAFVIP-10.190.250.111,PROTECTS,SERVER-10.19.93.194,
WAFVIP-10.190.250.112,WAFVIP-10.190.250.112,PROTECTS,SERVER-10.19.93.194,
WAFVIP-10.190.250.182,WAFVIP-10.190.250.182,PROTECTS,SERVER-10.19.63.130,
WAFVIP-10.190.250.181,WAFVIP-10.190.250.181,PROTECTS,SERVER-10.19.63.144,
WAFVIP-10.190.250.19,WAFVIP-10.190.250.19,PROTECTS,SERVER-10.19.23.114,
WAFVIP-10.190.250.69,WAFVIP-10.190.250.69,PROTECTS,SERVER-10.19.23.114,
WAFVIP-10.190.250.70,WAFVIP-10.190.250.70,PROTECTS,SERVER-10.19.17.226,
WAFVIP-10.190.250.71,WAFVIP-10.190.250.71,PROTECTS,SERVER-10.19.17.196,
WAFVIP-10.190.250.56,WAFVIP-10.190.250.56,PROTECTS,SERVER-10.20.22.146,
WAFVIP-10.190.250.57,WAFVIP-10.190.250.57,PROTECTS,SERVER-10.20.22.146,
WAFVIP-10.190.250.82,WAFVIP-10.190.250.82,PROTECTS,SERVER-10.19.138.194,
WAFVIP-10.190.250.76,WAFVIP-10.190.250.76,PROTECTS,SERVER-10.20.18.114,
WAFVIP-10.190.250.132,WAFVIP-10.190.250.132,PROTECTS,SERVER-10.19.57.40,
WAFVIP-10.190.250.133,WAFVIP-10.190.250.133,PROTECTS,SERVER-10.20.21.104,
WAFVIP-10.190.250.103,WAFVIP-10.190.250.103,PROTECTS,SERVER-10.20.21.70,
WAFVIP-10.190.250.123,WAFVIP-10.190.250.123,PROTECTS,SERVER-10.19.11.52,
WAFVIP-10.190.250.47,WAFVIP-10.190.250.47,PROTECTS,SERVER-10.19.66.100,
WAFVIP-10.190.250.205,WAFVIP-10.190.250.205,PROTECTS,SERVER-10.19.66.100,
WAFVIP-10.190.250.43,WAFVIP-10.190.250.43,PROTECTS,SERVER-10.190.6.39,
WAFVIP-10.190.250.99,WAFVIP-10.190.250.99,PROTECTS,SERVER-10.19.139.148,
WAFVIP-10.190.250.90,WAFVIP-10.190.250.90,PROTECTS,SERVER-10.190.6.39,
WAFVIP-10.190.250.206,WAFVIP-10.190.250.206,PROTECTS,SERVER-10.190.6.39,
WAFVIP-10.190.250.73,WAFVIP-10.190.250.73,PROTECTS,SERVER-10.20.22.226,
WAFVIP-10.190.250.72,WAFVIP-10.190.250.72,PROTECTS,SERVER-10.20.22.226,
WAFVIP-10.190.250.217,WAFVIP-10.190.250.217,PROTECTS,SERVER-10.19.28.192,
WAFVIP-10.190.250.218,WAFVIP-10.190.250.218,PROTECTS,SERVER-10.19.28.160,
WAFVIP-10.190.250.13,WAFVIP-10.190.250.13,PROTECTS,SERVER-10.19.89.139,
WAFVIP-10.190.250.119,WAFVIP-10.190.250.119,PROTECTS,SERVER-10.19.23.50,
WAFVIP-10.190.250.118,WAFVIP-10.190.250.118,PROTECTS,SERVER-10.19.46.67,
WAFVIP-10.190.250.12,WAFVIP-10.190.250.12,PROTECTS,SERVER-10.19.67.201,
WAFVIP-10.190.250.65,WAFVIP-10.190.250.65,PROTECTS,SERVER-10.19.56.30,
WAFVIP-10.190.250.64,WAFVIP-10.190.250.64,PROTECTS,SERVER-10.20.19.10,
WAFVIP-10.190.250.180,WAFVIP-10.190.250.180,PROTECTS,SERVER-10.19.38.180,
WAFVIP-10.190.250.44,WAFVIP-10.190.250.44,PROTECTS,SERVER-10.190.6.39,
WAFVIP-10.190.250.219,WAFVIP-10.190.250.219,PROTECTS,SERVER-10.20.23.18,
WAFVIP-10.190.250.250,WAFVIP-10.190.250.250,PROTECTS,SERVER-10.190.0.114,
WAFVIP-10.190.250.115,WAFVIP-10.190.250.115,PROTECTS,SERVER-10.19.65.26,
WAFVIP-10.190.250.107,WAFVIP-10.190.250.107,PROTECTS,SERVER-10.19.135.114,
WAFVIP-10.190.250.87,WAFVIP-10.190.250.87,PROTECTS,SERVER-10.190.6.39,
WAFVIP-10.190.250.207,WAFVIP-10.190.250.207,PROTECTS,SERVER-10.20.18.114,
WAFVIP-10.190.250.216,WAFVIP-10.190.250.216,PROTECTS,SERVER-10.20.18.114,
WAFVIP-10.190.250.108,WAFVIP-10.190.250.108,PROTECTS,SERVER-10.19.63.84,
WAFVIP-10.190.250.9,WAFVIP-10.190.250.9,PROTECTS,SERVER-10.19.32.70,
WAFVIP-10.190.250.208,WAFVIP-10.190.250.208,PROTECTS,SERVER-10.19.32.100,
WAFVIP-10.190.250.25,WAFVIP-10.190.250.25,PROTECTS,SERVER-10.19.192.145,
WAFVIP-10.190.250.38,WAFVIP-10.190.250.38,PROTECTS,SERVER-10.19.145.75,
WAFVIP-10.190.250.67,WAFVIP-10.190.250.67,PROTECTS,SERVER-10.19.39.115,
WAFVIP-10.190.250.6,WAFVIP-10.190.250.6,PROTECTS,SERVER-10.19.67.201,
WAFVIP-10.190.250.5,WAFVIP-10.190.250.5,PROTECTS,SERVER-10.19.67.201,
WAFVIP-10.190.250.89,WAFVIP-10.190.250.89,PROTECTS,SERVER-10.190.6.39,
WAFVIP-10.190.250.209,WAFVIP-10.190.250.209,PROTECTS,SERVER-10.190.6.39,
WAFVIP-10.190.250.88,WAFVIP-10.190.250.88,PROTECTS,SERVER-10.190.6.39,
WAFVIP-10.190.250.210,WAFVIP-10.190.250.210,PROTECTS,SERVER-10.190.6.39,
WAFVIP-10.190.250.86,WAFVIP-10.190.250.86,PROTECTS,SERVER-10.190.6.39,
WAFVIP-10.190.250.211,WAFVIP-10.190.250.211,PROTECTS,SERVER-10.20.18.114,
WAFVIP-10.190.250.130,WAFVIP-10.190.250.130,PROTECTS,SERVER-10.19.11.53,
WAFVIP-10.190.250.226,WAFVIP-10.190.250.226,PROTECTS,SERVER-10.19.32.226,
WAFVIP-10.190.250.124,WAFVIP-10.190.250.124,PROTECTS,SERVER-10.19.89.115,
WAFVIP-10.190.250.75,WAFVIP-10.190.250.75,PROTECTS,SERVER-10.19.139.21,
WAFVIP-10.190.250.74,WAFVIP-10.190.250.74,PROTECTS,SERVER-10.19.139.25,
WAFVIP-10.190.250.120,WAFVIP-10.190.250.120,PROTECTS,SERVER-10.19.32.167,
WAFVIP-10.190.250.122,WAFVIP-10.190.250.122,PROTECTS,SERVER-10.19.32.167,
WAFVIP-10.190.250.46,WAFVIP-10.190.250.46,PROTECTS,SERVER-10.19.44.103,
WAFVIP-10.190.250.97,WAFVIP-10.190.250.97,PROTECTS,SERVER-10.20.126.58,
WAFVIP-10.190.250.95,WAFVIP-10.190.250.95,PROTECTS,SERVER-10.20.127.51,
WAFVIP-10.190.250.55,WAFVIP-10.190.250.55,PROTECTS,SERVER-10.19.46.82,
WAFVIP-10.190.250.7,WAFVIP-10.190.250.7,PROTECTS,SERVER-10.19.28.115,
WAFVIP-10.190.250.84,WAFVIP-10.190.250.84,PROTECTS,SERVER-10.190.6.39,
WAFVIP-10.190.250.114,WAFVIP-10.190.250.114,PROTECTS,SERVER-10.19.186.20,
WAFVIP-10.190.250.30,WAFVIP-10.190.250.30,PROTECTS,SERVER-10.20.129.20,
WAFVIP-10.190.250.68,WAFVIP-10.190.250.68,PROTECTS,SERVER-10.19.36.116,
WAFVIP-10.190.250.78,WAFVIP-10.190.250.78,PROTECTS,SERVER-10.19.191.210,
WAFVIP-10.190.250.94,WAFVIP-10.190.250.94,PROTECTS,SERVER-10.19.29.102,
WAFVIP-10.190.250.200,WAFVIP-10.190.250.200,PROTECTS,SERVER-10.19.253.70,
WAFVIP-10.190.250.109,WAFVIP-10.190.250.109,PROTECTS,SERVER-10.19.172.36,
WAFVIP-10.190.250.26,WAFVIP-10.190.250.26,PROTECTS,SERVER-10.19.32.100,
WAFVIP-10.190.250.35,WAFVIP-10.190.250.35,PROTECTS,SERVER-10.19.30.138,
WAFVIP-10.190.250.212,WAFVIP-10.190.250.212,PROTECTS,SERVER-10.19.32.100,
WAFVIP-10.190.250.85,WAFVIP-10.190.250.85,PROTECTS,SERVER-10.190.6.39,
WAFVIP-10.190.250.2,WAFVIP-10.190.250.2,PROTECTS,SERVER-10.19.187.137,
WAFVIP-10.190.250.28,WAFVIP-10.190.250.28,PROTECTS,SERVER-10.19.188.100,
WAFVIP-10.190.250.53,WAFVIP-10.190.250.53,PROTECTS,SERVER-10.19.188.100,
WAFVIP-10.190.250.59,WAFVIP-10.190.250.59,PROTECTS,SERVER-10.19.188.100,
WAFVIP-10.190.250.98,WAFVIP-10.190.250.98,PROTECTS,SERVER-10.19.26.115,
WAFVIP-10.190.250.121,WAFVIP-10.190.250.121,PROTECTS,SERVER-10.19.94.203,
WAFVIP-10.190.250.10,WAFVIP-10.190.250.10,PROTECTS,SERVER-10.19.67.201,
WAFVIP-10.190.250.32,WAFVIP-10.190.250.32,PROTECTS,SERVER-10.190.5.135,
WAFVIP-10.190.250.116,WAFVIP-10.190.250.116,PROTECTS,SERVER-10.19.57.97,
WAFVIP-10.190.250.105,WAFVIP-10.190.250.105,PROTECTS,SERVER-10.19.26.148,
WAFVIP-10.190.250.105,WAFVIP-10.190.250.105,PROTECTS,SERVER-10.19.26.148,
WAFVIP-10.190.250.37,WAFVIP-10.190.250.37,PROTECTS,SERVER-10.19.138.130,
WAFVIP-10.190.250.220,WAFVIP-10.190.250.220,PROTECTS,SERVER-10.20.24.18,
WAFVIP-10.190.250.221,WAFVIP-10.190.250.221,PROTECTS,SERVER-10.20.24.19,
WAFVIP-10.190.250.222,WAFVIP-10.190.250.222,PROTECTS,SERVER-10.19.72.7,
WAFVIP-10.190.250.63,WAFVIP-10.190.250.63,PROTECTS,SERVER-10.19.23.3,
WAFVIP-10.190.250.62,WAFVIP-10.190.250.62,PROTECTS,SERVER-10.19.23.2,
WAFVIP-10.190.250.100,WAFVIP-10.190.250.100,PROTECTS,SERVER-10.19.57.136,
WAFVIP-10.190.250.100,WAFVIP-10.190.250.100,PROTECTS,SERVER-10.19.57.136,
WAFVIP-10.190.250.101,WAFVIP-10.190.250.101,PROTECTS,SERVER-10.19.166.34,
WAFVIP-10.190.250.81,WAFVIP-10.190.250.81,PROTECTS,SERVER-10.19.43.93,
WAFVIP-10.190.250.48,WAFVIP-10.190.250.48,PROTECTS,SERVER-10.19.40.135,
WAFVIP-10.190.250.52,WAFVIP-10.190.250.52,PROTECTS,SERVER-10.19.42.98,
WAFVIP-10.190.250.23,WAFVIP-10.190.250.23,PROTECTS,SERVER-10.190.1.100,
WAFVIP-10.190.250.29,WAFVIP-10.190.250.29,PROTECTS,SERVER-10.19.32.100,
WAFVIP-10.190.250.14,WAFVIP-10.190.250.14,PROTECTS,SERVER-10.19.66.4,
WAFVIP-10.190.250.214,WAFVIP-10.190.250.214,PROTECTS,SERVER-10.19.66.4,
WAFVIP-10.190.250.45,WAFVIP-10.190.250.45,PROTECTS,SERVER-10.19.172.7,
WAFVIP-10.190.250.39,WAFVIP-10.190.250.39,PROTECTS,SERVER-10.19.20.13,
WAFVIP-10.190.250.18,WAFVIP-10.190.250.18,PROTECTS,SERVER-10.19.186.59,
WAFVIP-10.190.250.15,WAFVIP-10.190.250.15,PROTECTS,SERVER-10.19.144.150,
WAFVIP-10.190.250.24,WAFVIP-10.190.250.24,PROTECTS,SERVER-10.19.40.66,
WAFVIP-10.190.250.20,WAFVIP-10.190.250.20,PROTECTS,SERVER-10.19.67.3,
WAFVIP-10.190.250.22,WAFVIP-10.190.250.22,PROTECTS,SERVER-10.19.44.58,
WAFVIP-10.190.250.41,WAFVIP-10.190.250.41,PROTECTS,SERVER-10.19.20.41,
WAFVIP-10.190.250.17,WAFVIP-10.190.250.17,PROTECTS,SERVER-10.19.142.139,
WAFVIP-10.190.250.34,WAFVIP-10.190.250.34,PROTECTS,SERVER-10.19.34.11,
WAFVIP-10.190.250.36,WAFVIP-10.190.250.36,PROTECTS,SERVER-10.19.33.215,
WAFVIP-10.190.250.80,WAFVIP-10.190.250.80,PROTECTS,SERVER-10.19.172.164,
WAFVIP-10.190.250.199,WAFVIP-10.190.250.199,PROTECTS,SERVER-10.19.250.14,
WAFVIP-10.190.250.54,WAFVIP-10.190.250.54,PROTECTS,SERVER-10.19.136.100,
WAFVIP-10.190.250.106,WAFVIP-10.190.250.106,PROTECTS,SERVER-10.19.135.110,
WAFVIP-10.190.250.58,WAFVIP-10.190.250.58,PROTECTS,SERVER-10.19.20.103,
WAFVIP-10.190.250.79,WAFVIP-10.190.250.79,PROTECTS,SERVER-10.19.63.18,
WAFVIP-10.190.250.79,WAFVIP-10.190.250.79,PROTECTS,SERVER-10.19.63.18,
WAFVIP-10.190.250.223,WAFVIP-10.190.250.223,PROTECTS,SERVER-10.19.63.21,
WAFVIP-10.190.250.223,WAFVIP-10.190.250.223,PROTECTS,SERVER-10.19.63.21,
WAFVIP-10.190.250.225,WAFVIP-10.190.250.225,PROTECTS,SERVER-10.19.63.21,
WAFVIP-10.190.250.225,WAFVIP-10.190.250.225,PROTECTS,SERVER-10.19.63.21,
WAFVIP-10.190.250.224,WAFVIP-10.190.250.224,PROTECTS,SERVER-10.19.63.21,
WAFVIP-10.190.250.224,WAFVIP-10.190.250.224,PROTECTS,SERVER-10.19.63.21,
WAFVIP-10.190.250.4,WAFVIP-10.190.250.4,PROTECTS,SERVER-10.19.33.164,
WAFVIP-10.190.250.91,WAFVIP-10.190.250.91,PROTECTS,SERVER-10.19.26.50,
WAFVIP-10.190.250.77,WAFVIP-10.190.250.77,PROTECTS,SERVER-10.19.20.69,
WAFVIP-10.190.250.134,WAFVIP-10.190.250.134,PROTECTS,SERVER-10.19.42.67,
WAFVIP-10.190.250.191,WAFVIP-10.190.250.191,PROTECTS,SERVER-10.19.5.17,
WAFVIP-10.190.250.191,WAFVIP-10.190.250.191,PROTECTS,SERVER-10.19.5.17,
WAFVIP-10.190.250.191,WAFVIP-10.190.250.191,PROTECTS,SERVER-10.19.5.17,
WAFVIP-10.190.250.33,WAFVIP-10.190.250.33,PROTECTS,SERVER-10.19.31.68,
WAFVIP-10.190.250.215,WAFVIP-10.190.250.215,PROTECTS,SERVER-10.20.18.2,
WAFVIP-10.190.250.93,WAFVIP-10.190.250.93,PROTECTS,SERVER-10.20.24.195,
WAFVIP-10.190.250.92,WAFVIP-10.190.250.92,PROTECTS,SERVER-10.20.24.194,
WAFVIP-10.190.250.228,WAFVIP-10.190.250.228,PROTECTS,SERVER-10.19.61.202,
WAFVIP-10.190.250.27,WAFVIP-10.190.250.27,PROTECTS,SERVER-10.19.46.165,
WAFVIP-10.94.0.57,WAFVIP-10.94.0.57,PROTECTS,SERVER-10.19.255.60,
WAFVIP-10.94.0.65,WAFVIP-10.94.0.65,PROTECTS,SERVER-10.19.255.185,
WAFVIP-10.94.1.65,WAFVIP-10.94.1.65,PROTECTS,SERVER-10.19.255.185,
WAFVIP-10.94.0.86,WAFVIP-10.94.0.86,PROTECTS,SERVER-10.190.128.133,
WAFVIP-10.94.0.88,WAFVIP-10.94.0.88,PROTECTS,SERVER-10.190.128.133,
WAFVIP-10.94.1.23,WAFVIP-10.94.1.23,PROTECTS,SERVER-10.19.248.87,
WAFVIP-10.94.0.104,WAFVIP-10.94.0.104,PROTECTS,SERVER-10.19.255.217,
WAFVIP-10.94.0.103,WAFVIP-10.94.0.103,PROTECTS,SERVER-10.19.37.215,
WAFVIP-10.94.0.82,WAFVIP-10.94.0.82,PROTECTS,SERVER-10.19.138.194,
WAFVIP-10.94.0.36,WAFVIP-10.94.0.36,PROTECTS,SERVER-10.19.253.200,
WAFVIP-10.94.0.30,WAFVIP-10.94.0.30,PROTECTS,SERVER-10.19.253.200,
WAFVIP-10.94.0.123,WAFVIP-10.94.0.123,PROTECTS,SERVER-10.19.11.52,
WAFVIP-10.94.0.58,WAFVIP-10.94.0.58,PROTECTS,SERVER-10.19.249.232,
WAFVIP-10.94.1.58,WAFVIP-10.94.1.58,PROTECTS,SERVER-10.19.249.232,
WAFVIP-10.94.0.99,WAFVIP-10.94.0.99,PROTECTS,SERVER-10.19.251.100,
WAFVIP-10.94.0.99,WAFVIP-10.94.0.99,PROTECTS,SERVER-10.19.251.100,
WAFVIP-10.94.0.98,WAFVIP-10.94.0.98,PROTECTS,SERVER-10.19.255.100,
WAFVIP-10.94.0.206,WAFVIP-10.94.0.206,PROTECTS,SERVER-10.19.247.5,
WAFVIP-10.94.0.185,WAFVIP-10.94.0.185,PROTECTS,SERVER-10.19.187.136,
WAFVIP-10.94.0.49,WAFVIP-10.94.0.49,PROTECTS,SERVER-10.19.247.180,
WAFVIP-10.94.0.120,WAFVIP-10.94.0.120,PROTECTS,SERVER-10.19.250.10,
WAFVIP-10.94.0.115,WAFVIP-10.94.0.115,PROTECTS,SERVER-10.19.65.17,
WAFVIP-10.94.0.41,WAFVIP-10.94.0.41,PROTECTS,SERVER-10.19.247.6,
WAFVIP-10.94.0.77,WAFVIP-10.94.0.77,PROTECTS,SERVER-10.20.129.197,
WAFVIP-10.94.0.76,WAFVIP-10.94.0.76,PROTECTS,SERVER-10.19.38.150,
WAFVIP-10.94.0.69,WAFVIP-10.94.0.69,PROTECTS,SERVER-10.19.255.232,
WAFVIP-10.94.0.34,WAFVIP-10.94.0.34,PROTECTS,SERVER-10.19.253.40,
WAFVIP-10.94.0.32,WAFVIP-10.94.0.32,PROTECTS,SERVER-10.19.251.170,
WAFVIP-10.94.0.205,WAFVIP-10.94.0.205,PROTECTS,SERVER-10.19.248.68,
WAFVIP-10.94.0.204,WAFVIP-10.94.0.204,PROTECTS,SERVER-10.19.248.68,
WAFVIP-10.94.0.60,WAFVIP-10.94.0.60,PROTECTS,SERVER-10.19.248.114,
WAFVIP-10.94.1.60,WAFVIP-10.94.1.60,PROTECTS,SERVER-10.19.248.114,
WAFVIP-10.94.0.26,WAFVIP-10.94.0.26,PROTECTS,SERVER-10.19.249.201,
WAFVIP-10.94.1.26,WAFVIP-10.94.1.26,PROTECTS,SERVER-10.19.249.201,
WAFVIP-10.94.0.25,WAFVIP-10.94.0.25,PROTECTS,SERVER-10.19.192.145,
WAFVIP-10.94.0.71,WAFVIP-10.94.0.71,PROTECTS,SERVER-10.19.192.145,
WAFVIP-10.94.0.68,WAFVIP-10.94.0.68,PROTECTS,SERVER-10.19.251.114,
WAFVIP-10.94.0.20,WAFVIP-10.94.0.20,PROTECTS,SERVER-10.19.250.70,
WAFVIP-10.94.0.20,WAFVIP-10.94.0.20,PROTECTS,SERVER-10.19.250.70,
WAFVIP-10.94.0.113,WAFVIP-10.94.0.113,PROTECTS,SERVER-10.19.187.20,
WAFVIP-10.94.0.202,WAFVIP-10.94.0.202,PROTECTS,SERVER-10.19.186.59,
WAFVIP-10.94.0.87,WAFVIP-10.94.0.87,PROTECTS,SERVER-10.19.253.245,
WAFVIP-10.94.0.75,WAFVIP-10.94.0.75,PROTECTS,SERVER-10.19.139.21,
WAFVIP-10.94.0.93,WAFVIP-10.94.0.93,PROTECTS,SERVER-10.19.255.150,
WAFVIP-10.94.0.74,WAFVIP-10.94.0.74,PROTECTS,SERVER-10.19.139.25,
WAFVIP-10.94.0.97,WAFVIP-10.94.0.97,PROTECTS,SERVER-10.19.255.150,
WAFVIP-10.94.0.97,WAFVIP-10.94.0.97,PROTECTS,SERVER-10.19.255.150,
WAFVIP-10.94.0.79,WAFVIP-10.94.0.79,PROTECTS,SERVER-10.19.255.117,
WAFVIP-10.94.0.73,WAFVIP-10.94.0.73,PROTECTS,SERVER-10.19.255.122,
WAFVIP-10.94.0.72,WAFVIP-10.94.0.72,PROTECTS,SERVER-10.19.255.122,
WAFVIP-10.94.0.96,WAFVIP-10.94.0.96,PROTECTS,SERVER-10.19.255.117,
WAFVIP-10.94.0.95,WAFVIP-10.94.0.95,PROTECTS,SERVER-10.19.255.117,
WAFVIP-10.94.0.9,WAFVIP-10.94.0.9,PROTECTS,SERVER-10.190.128.133,
WAFVIP-10.94.1.9,WAFVIP-10.94.1.9,PROTECTS,SERVER-10.190.128.133,
WAFVIP-10.94.0.5,WAFVIP-10.94.0.5,PROTECTS,SERVER-10.19.247.5,
WAFVIP-10.94.0.45,WAFVIP-10.94.0.45,PROTECTS,SERVER-10.19.187.20,
WAFVIP-10.94.0.28,WAFVIP-10.94.0.28,PROTECTS,SERVER-10.20.129.171,
WAFVIP-10.94.0.114,WAFVIP-10.94.0.114,PROTECTS,SERVER-10.19.186.20,
WAFVIP-10.94.0.39,WAFVIP-10.94.0.39,PROTECTS,SERVER-10.19.39.22,
WAFVIP-10.94.0.200,WAFVIP-10.94.0.200,PROTECTS,SERVER-10.19.253.70,
WAFVIP-10.94.0.201,WAFVIP-10.94.0.201,PROTECTS,SERVER-10.19.5.17,
WAFVIP-10.94.0.201,WAFVIP-10.94.0.201,PROTECTS,SERVER-10.19.5.17,
WAFVIP-10.94.0.201,WAFVIP-10.94.0.201,PROTECTS,SERVER-10.19.5.17,
WAFVIP-10.94.0.23,WAFVIP-10.94.0.23,PROTECTS,SERVER-10.19.248.87,
WAFVIP-10.94.0.91,WAFVIP-10.94.0.91,PROTECTS,SERVER-10.190.6.7,
WAFVIP-10.94.1.80,WAFVIP-10.94.1.80,PROTECTS,SERVER-10.19.247.5,
WAFVIP-10.94.0.37,WAFVIP-10.94.0.37,PROTECTS,SERVER-10.19.138.130,
WAFVIP-10.94.0.33,WAFVIP-10.94.0.33,PROTECTS,SERVER-10.19.138.98,
WAFVIP-10.94.0.59,WAFVIP-10.94.0.59,PROTECTS,SERVER-10.19.135.115,
WAFVIP-10.94.0.81,WAFVIP-10.94.0.81,PROTECTS,SERVER-10.19.43.93,
WAFVIP-10.94.0.108,WAFVIP-10.94.0.108,PROTECTS,SERVER-10.19.135.105,
WAFVIP-10.94.1.43,WAFVIP-10.94.1.43,PROTECTS,SERVER-10.20.17.2,
WAFVIP-10.94.0.8,WAFVIP-10.94.0.8,PROTECTS,SERVER-10.19.191.210,
WAFVIP-10.94.0.40,WAFVIP-10.94.0.40,PROTECTS,SERVER-10.19.251.139,
WAFVIP-10.94.0.64,WAFVIP-10.94.0.64,PROTECTS,SERVER-10.20.128.148,
WAFVIP-10.94.0.64,WAFVIP-10.94.0.64,PROTECTS,SERVER-10.20.128.148,
WAFVIP-10.94.0.3,WAFVIP-10.94.0.3,PROTECTS,SERVER-10.19.246.132,
WAFVIP-10.94.0.17,WAFVIP-10.94.0.17,PROTECTS,SERVER-10.19.246.148,
WAFVIP-10.94.0.31,WAFVIP-10.94.0.31,PROTECTS,SERVER-10.19.255.166,
WAFVIP-10.94.0.43,WAFVIP-10.94.0.43,PROTECTS,SERVER-10.19.245.104,
WAFVIP-10.94.0.42,WAFVIP-10.94.0.42,PROTECTS,SERVER-10.19.246.105,
WAFVIP-10.94.1.42,WAFVIP-10.94.1.42,PROTECTS,SERVER-10.19.246.105,
WAFVIP-10.94.0.54,WAFVIP-10.94.0.54,PROTECTS,SERVER-10.19.255.5,
WAFVIP-10.94.0.35,WAFVIP-10.94.0.35,PROTECTS,SERVER-10.19.245.50,
WAFVIP-10.94.0.52,WAFVIP-10.94.0.52,PROTECTS,SERVER-10.19.245.24,
WAFVIP-10.94.0.83,WAFVIP-10.94.0.83,PROTECTS,SERVER-10.19.249.149,
WAFVIP-10.94.0.24,WAFVIP-10.94.0.24,PROTECTS,SERVER-10.19.250.75,
WAFVIP-10.94.0.109,WAFVIP-10.94.0.109,PROTECTS,SERVER-10.19.245.70,
WAFVIP-10.94.2.7,WAFVIP-10.94.2.7,PROTECTS,SERVER-10.19.249.12,
WAFVIP-10.94.0.7,WAFVIP-10.94.0.7,PROTECTS,SERVER-10.19.249.12,
WAFVIP-10.94.0.56,WAFVIP-10.94.0.56,PROTECTS,SERVER-10.19.255.60,
WAFVIP-10.94.0.92,WAFVIP-10.94.0.92,PROTECTS,SERVER-10.190.128.202,
WAFVIP-10.94.0.47,WAFVIP-10.94.0.47,PROTECTS,SERVER-10.19.245.70,
WAFVIP-10.94.0.2,WAFVIP-10.94.0.2,PROTECTS,SERVER-10.19.251.14,
WAFVIP-10.94.0.2,WAFVIP-10.94.0.2,PROTECTS,SERVER-10.19.251.14,
WAFVIP-10.94.1.2,WAFVIP-10.94.1.2,PROTECTS,SERVER-10.19.251.14,
WAFVIP-10.94.0.116,WAFVIP-10.94.0.116,PROTECTS,SERVER-10.19.151.95,
WAFVIP-10.94.0.122,WAFVIP-10.94.0.122,PROTECTS,SERVER-10.19.247.5,
WAFVIP-10.94.0.128,WAFVIP-10.94.0.128,PROTECTS,SERVER-10.19.90.10,
WAFVIP-10.94.0.91,WAFVIP-10.94.0.91,PROTECTS,SERVER-10.190.6.7,
WAFVIP-10.94.0.112,WAFVIP-10.94.0.112,PROTECTS,SERVER-10.19.43.179,
WAFVIP-10.94.0.111,WAFVIP-10.94.0.111,PROTECTS,SERVER-10.19.249.139,
WAFVIP-10.94.0.72,WAFVIP-10.94.0.72,PROTECTS,SERVER-10.19.246.2,
WAFVIP-10.94.0.106,WAFVIP-10.94.0.106,PROTECTS,SERVER-10.19.245.70,
WAFVIP-10.94.0.105,WAFVIP-10.94.0.105,PROTECTS,SERVER-10.19.245.70,
WAFVIP-10.94.0.6,WAFVIP-10.94.0.6,PROTECTS,SERVER-10.19.247.5,
WAFVIP-10.94.0.107,WAFVIP-10.94.0.107,PROTECTS,SERVER-10.19.245.70,
WAFVIP-10.31.39.35,WAFVIP-10.31.39.35,PROTECTS,SERVER-10.19.244.98,
WAFVIP-10.31.39.7,WAFVIP-10.31.39.7,PROTECTS,SERVER-10.19.245.230,
WAFVIP-10.31.39.21,WAFVIP-10.31.39.21,PROTECTS,SERVER-10.22.75.165,
WAFVIP-10.31.39.8,WAFVIP-10.31.39.8,PROTECTS,SERVER-10.22.246.135,
WAFVIP-10.31.39.36,WAFVIP-10.31.39.36,PROTECTS,SERVER-10.19.248.212,
WAFVIP-10.31.39.40,WAFVIP-10.31.39.40,PROTECTS,SERVER-10.22.68.30,
WAFVIP-10.31.39.28,WAFVIP-10.31.39.28,PROTECTS,SERVER-10.19.249.179,
WAFVIP-10.31.39.14,WAFVIP-10.31.39.14,PROTECTS,SERVER-10.19.255.122,
WAFVIP-10.31.39.12,WAFVIP-10.31.39.12,PROTECTS,SERVER-10.19.255.122,
WAFVIP-10.31.39.13,WAFVIP-10.31.39.13,PROTECTS,SERVER-10.19.255.122,
WAFVIP-10.31.39.68,WAFVIP-10.31.39.68,PROTECTS,SERVER-10.19.251.114,
WAFVIP-10.31.39.16,WAFVIP-10.31.39.16,PROTECTS,SERVER-10.22.247.20,
WAFVIP-10.31.39.42,WAFVIP-10.31.39.42,PROTECTS,SERVER-10.22.247.20,
WAFVIP-10.31.39.29,WAFVIP-10.31.39.29,PROTECTS,SERVER-10.190.128.133,
WAFVIP-10.31.39.23,WAFVIP-10.31.39.23,PROTECTS,SERVER-10.20.17.210,
WAFVIP-10.31.39.19,WAFVIP-10.31.39.19,PROTECTS,SERVER-10.19.248.196,
WAFVIP-10.31.39.15,WAFVIP-10.31.39.15,PROTECTS,SERVER-10.22.247.20,
WAFVIP-10.31.39.41,WAFVIP-10.31.39.41,PROTECTS,SERVER-10.22.247.20,
WAFVIP-10.31.39.31,WAFVIP-10.31.39.31,PROTECTS,SERVER-10.19.246.132,
WAFVIP-10.31.39.27,WAFVIP-10.31.39.27,PROTECTS,SERVER-10.19.246.148,
WAFVIP-10.31.39.30,WAFVIP-10.31.39.30,PROTECTS,SERVER-10.19.255.166,
WAFVIP-10.31.39.6,WAFVIP-10.31.39.6,PROTECTS,SERVER-10.19.245.164,
WAFVIP-10.31.39.5,WAFVIP-10.31.39.5,PROTECTS,SERVER-10.19.249.243,
WAFVIP-10.31.39.52,WAFVIP-10.31.39.52,PROTECTS,SERVER-10.19.245.24,
WAFVIP-10.31.39.34,WAFVIP-10.31.39.34,PROTECTS,SERVER-10.19.255.25,
WAFVIP-10.31.39.17,WAFVIP-10.31.39.17,PROTECTS,SERVER-10.19.245.82,
WAFVIP-10.31.39.18,WAFVIP-10.31.39.18,PROTECTS,SERVER-10.19.246.180,
WAF-10.31.1.200,WAF-10.31.1.200,HOSTS,WAFVIP-10.190.250.31,1
WAF-10.31.1.200,WAF-10.31.1.200,HOSTS,WAFVIP-10.190.250.83,1
WAF-10.31.1.200,WAF-10.31.1.200,HOSTS,WAFVIP-10.190.250.203,1
WAF-10.31.1.200,WAF-10.31.1.200,HOSTS,WAFVIP-10.190.250.42,1
WAF-10.31.1.200,WAF-10.31.1.200,HOSTS,WAFVIP-10.190.250.8,1
WAF-10.31.1.200,WAF-10.31.1.200,HOSTS,WAFVIP-10.190.250.204,1
WAF-10.31.1.200,WAF-10.31.1.200,HOSTS,WAFVIP-10.190.250.111,1
WAF-10.31.1.200,WAF-10.31.1.200,HOSTS,WAFVIP-10.190.250.112,1
WAF-10.31.1.200,WAF-10.31.1.200,HOSTS,WAFVIP-10.190.250.182,1
WAF-10.31.1.200,WAF-10.31.1.200,HOSTS,WAFVIP-10.190.250.181,1
WAF-10.31.1.200,WAF-10.31.1.200,HOSTS,WAFVIP-10.190.250.19,1
WAF-10.31.1.200,WAF-10.31.1.200,HOSTS,WAFVIP-10.190.250.69,1
WAF-10.31.1.200,WAF-10.31.1.200,HOSTS,WAFVIP-10.190.250.70,1
WAF-10.31.1.200,WAF-10.31.1.200,HOSTS,WAFVIP-10.190.250.71,1
WAF-10.31.1.200,WAF-10.31.1.200,HOSTS,WAFVIP-10.190.250.56,1
WAF-10.31.1.200,WAF-10.31.1.200,HOSTS,WAFVIP-10.190.250.57,1
WAF-10.31.1.200,WAF-10.31.1.200,HOSTS,WAFVIP-10.190.250.82,1
WAF-10.31.1.200,WAF-10.31.1.200,HOSTS,WAFVIP-10.190.250.76,1
WAF-10.31.1.200,WAF-10.31.1.200,HOSTS,WAFVIP-10.190.250.132,1
WAF-10.31.1.200,WAF-10.31.1.200,HOSTS,WAFVIP-10.190.250.133,1
WAF-10.31.1.200,WAF-10.31.1.200,HOSTS,WAFVIP-10.190.250.103,1
WAF-10.31.1.200,WAF-10.31.1.200,HOSTS,WAFVIP-10.190.250.123,1
WAF-10.31.1.200,WAF-10.31.1.200,HOSTS,WAFVIP-10.190.250.47,1
WAF-10.31.1.200,WAF-10.31.1.200,HOSTS,WAFVIP-10.190.250.205,1
WAF-10.31.1.200,WAF-10.31.1.200,HOSTS,WAFVIP-10.190.250.43,1
WAF-10.31.1.200,WAF-10.31.1.200,HOSTS,WAFVIP-10.190.250.99,1
WAF-10.31.1.200,WAF-10.31.1.200,HOSTS,WAFVIP-10.190.250.90,1
WAF-10.31.1.200,WAF-10.31.1.200,HOSTS,WAFVIP-10.190.250.206,1
WAF-10.31.1.200,WAF-10.31.1.200,HOSTS,WAFVIP-10.190.250.73,1
WAF-10.31.1.200,WAF-10.31.1.200,HOSTS,WAFVIP-10.190.250.72,1
WAF-10.31.1.200,WAF-10.31.1.200,HOSTS,WAFVIP-10.190.250.217,1
WAF-10.31.1.200,WAF-10.31.1.200,HOSTS,WAFVIP-10.190.250.218,1
WAF-10.31.1.200,WAF-10.31.1.200,HOSTS,WAFVIP-10.190.250.13,1
WAF-10.31.1.200,WAF-10.31.1.200,HOSTS,WAFVIP-10.190.250.119,1
WAF-10.31.1.200,WAF-10.31.1.200,HOSTS,WAFVIP-10.190.250.118,1
WAF-10.31.1.200,WAF-10.31.1.200,HOSTS,WAFVIP-10.190.250.12,1
WAF-10.31.1.200,WAF-10.31.1.200,HOSTS,WAFVIP-10.190.250.65,1
WAF-10.31.1.200,WAF-10.31.1.200,HOSTS,WAFVIP-10.190.250.64,1
WAF-10.31.1.200,WAF-10.31.1.200,HOSTS,WAFVIP-10.190.250.180,1
WAF-10.31.1.200,WAF-10.31.1.200,HOSTS,WAFVIP-10.190.250.44,1
WAF-10.31.1.200,WAF-10.31.1.200,HOSTS,WAFVIP-10.190.250.219,1
WAF-10.31.1.200,WAF-10.31.1.200,HOSTS,WAFVIP-10.190.250.250,1
WAF-10.31.1.200,WAF-10.31.1.200,HOSTS,WAFVIP-10.190.250.115,1
WAF-10.31.1.200,WAF-10.31.1.200,HOSTS,WAFVIP-10.190.250.107,1
WAF-10.31.1.200,WAF-10.31.1.200,HOSTS,WAFVIP-10.190.250.87,1
WAF-10.31.1.200,WAF-10.31.1.200,HOSTS,WAFVIP-10.190.250.207,1
WAF-10.31.1.200,WAF-10.31.1.200,HOSTS,WAFVIP-10.190.250.216,1
WAF-10.31.1.200,WAF-10.31.1.200,HOSTS,WAFVIP-10.190.250.108,1
WAF-10.31.1.200,WAF-10.31.1.200,HOSTS,WAFVIP-10.190.250.9,1
WAF-10.31.1.200,WAF-10.31.1.200,HOSTS,WAFVIP-10.190.250.208,1
WAF-10.31.1.200,WAF-10.31.1.200,HOSTS,WAFVIP-10.190.250.25,1
WAF-10.31.1.200,WAF-10.31.1.200,HOSTS,WAFVIP-10.190.250.38,1
WAF-10.31.1.200,WAF-10.31.1.200,HOSTS,WAFVIP-10.190.250.67,1
WAF-10.31.1.200,WAF-10.31.1.200,HOSTS,WAFVIP-10.190.250.6,1
WAF-10.31.1.200,WAF-10.31.1.200,HOSTS,WAFVIP-10.190.250.5,1
WAF-10.31.1.200,WAF-10.31.1.200,HOSTS,WAFVIP-10.190.250.89,1
WAF-10.31.1.200,WAF-10.31.1.200,HOSTS,WAFVIP-10.190.250.209,1
WAF-10.31.1.200,WAF-10.31.1.200,HOSTS,WAFVIP-10.190.250.88,1
WAF-10.31.1.200,WAF-10.31.1.200,HOSTS,WAFVIP-10.190.250.210,1
WAF-10.31.1.200,WAF-10.31.1.200,HOSTS,WAFVIP-10.190.250.86,1
WAF-10.31.1.200,WAF-10.31.1.200,HOSTS,WAFVIP-10.190.250.211,1
WAF-10.31.1.200,WAF-10.31.1.200,HOSTS,WAFVIP-10.190.250.130,1
WAF-10.31.1.200,WAF-10.31.1.200,HOSTS,WAFVIP-10.190.250.226,1
WAF-10.31.1.200,WAF-10.31.1.200,HOSTS,WAFVIP-10.190.250.124,1
WAF-10.31.1.200,WAF-10.31.1.200,HOSTS,WAFVIP-10.190.250.75,1
WAF-10.31.1.200,WAF-10.31.1.200,HOSTS,WAFVIP-10.190.250.74,1
WAF-10.31.1.200,WAF-10.31.1.200,HOSTS,WAFVIP-10.190.250.120,1
WAF-10.31.1.200,WAF-10.31.1.200,HOSTS,WAFVIP-10.190.250.122,1
WAF-10.31.1.200,WAF-10.31.1.200,HOSTS,WAFVIP-10.190.250.46,1
WAF-10.31.1.200,WAF-10.31.1.200,HOSTS,WAFVIP-10.190.250.97,1
WAF-10.31.1.200,WAF-10.31.1.200,HOSTS,WAFVIP-10.190.250.95,1
WAF-10.31.1.200,WAF-10.31.1.200,HOSTS,WAFVIP-10.190.250.55,1
WAF-10.31.1.200,WAF-10.31.1.200,HOSTS,WAFVIP-10.190.250.7,1
WAF-10.31.1.200,WAF-10.31.1.200,HOSTS,WAFVIP-10.190.250.84,1
WAF-10.31.1.200,WAF-10.31.1.200,HOSTS,WAFVIP-10.190.250.114,1
WAF-10.31.1.200,WAF-10.31.1.200,HOSTS,WAFVIP-10.190.250.30,1
WAF-10.31.1.200,WAF-10.31.1.200,HOSTS,WAFVIP-10.190.250.68,1
WAF-10.31.1.200,WAF-10.31.1.200,HOSTS,WAFVIP-10.190.250.78,1
WAF-10.31.1.200,WAF-10.31.1.200,HOSTS,WAFVIP-10.190.250.94,1
WAF-10.31.1.200,WAF-10.31.1.200,HOSTS,WAFVIP-10.190.250.200,1
WAF-10.31.1.200,WAF-10.31.1.200,HOSTS,WAFVIP-10.190.250.109,1
WAF-10.31.1.200,WAF-10.31.1.200,HOSTS,WAFVIP-10.190.250.26,1
WAF-10.31.1.200,WAF-10.31.1.200,HOSTS,WAFVIP-10.190.250.35,1
WAF-10.31.1.200,WAF-10.31.1.200,HOSTS,WAFVIP-10.190.250.212,1
WAF-10.31.1.200,WAF-10.31.1.200,HOSTS,WAFVIP-10.190.250.85,1
WAF-10.31.1.200,WAF-10.31.1.200,HOSTS,WAFVIP-10.190.250.2,1
WAF-10.31.1.200,WAF-10.31.1.200,HOSTS,WAFVIP-10.190.250.28,1
WAF-10.31.1.200,WAF-10.31.1.200,HOSTS,WAFVIP-10.190.250.53,1
WAF-10.31.1.200,WAF-10.31.1.200,HOSTS,WAFVIP-10.190.250.59,1
WAF-10.31.1.200,WAF-10.31.1.200,HOSTS,WAFVIP-10.190.250.98,1
WAF-10.31.1.200,WAF-10.31.1.200,HOSTS,WAFVIP-10.190.250.121,1
WAF-10.31.1.200,WAF-10.31.1.200,HOSTS,WAFVIP-10.190.250.10,1
WAF-10.31.1.200,WAF-10.31.1.200,HOSTS,WAFVIP-10.190.250.32,1
WAF-10.31.1.200,WAF-10.31.1.200,HOSTS,WAFVIP-10.190.250.116,1
WAF-10.31.1.200,WAF-10.31.1.200,HOSTS,WAFVIP-10.190.250.105,1
WAF-10.31.1.200,WAF-10.31.1.200,HOSTS,WAFVIP-10.190.250.105,1
WAF-10.31.1.200,WAF-10.31.1.200,HOSTS,WAFVIP-10.190.250.37,1
WAF-10.31.1.200,WAF-10.31.1.200,HOSTS,WAFVIP-10.190.250.220,1
WAF-10.31.1.200,WAF-10.31.1.200,HOSTS,WAFVIP-10.190.250.221,1
WAF-10.31.1.200,WAF-10.31.1.200,HOSTS,WAFVIP-10.190.250.222,1
WAF-10.31.1.200,WAF-10.31.1.200,HOSTS,WAFVIP-10.190.250.63,1
WAF-10.31.1.200,WAF-10.31.1.200,HOSTS,WAFVIP-10.190.250.62,1
WAF-10.31.1.200,WAF-10.31.1.200,HOSTS,WAFVIP-10.190.250.100,1
WAF-10.31.1.200,WAF-10.31.1.200,HOSTS,WAFVIP-10.190.250.100,1
WAF-10.31.1.200,WAF-10.31.1.200,HOSTS,WAFVIP-10.190.250.101,1
WAF-10.31.1.200,WAF-10.31.1.200,HOSTS,WAFVIP-10.190.250.81,1
WAF-10.31.1.200,WAF-10.31.1.200,HOSTS,WAFVIP-10.190.250.48,1
WAF-10.31.1.200,WAF-10.31.1.200,HOSTS,WAFVIP-10.190.250.52,1
WAF-10.31.1.200,WAF-10.31.1.200,HOSTS,WAFVIP-10.190.250.23,1
WAF-10.31.1.200,WAF-10.31.1.200,HOSTS,WAFVIP-10.190.250.29,1
WAF-10.31.1.200,WAF-10.31.1.200,HOSTS,WAFVIP-10.190.250.14,1
WAF-10.31.1.200,WAF-10.31.1.200,HOSTS,WAFVIP-10.190.250.214,1
WAF-10.31.1.200,WAF-10.31.1.200,HOSTS,WAFVIP-10.190.250.45,1
WAF-10.31.1.200,WAF-10.31.1.200,HOSTS,WAFVIP-10.190.250.39,1
WAF-10.31.1.200,WAF-10.31.1.200,HOSTS,WAFVIP-10.190.250.18,1
WAF-10.31.1.200,WAF-10.31.1.200,HOSTS,WAFVIP-10.190.250.15,1
WAF-10.31.1.200,WAF-10.31.1.200,HOSTS,WAFVIP-10.190.250.24,1
WAF-10.31.1.200,WAF-10.31.1.200,HOSTS,WAFVIP-10.190.250.20,1
WAF-10.31.1.200,WAF-10.31.1.200,HOSTS,WAFVIP-10.190.250.22,1
WAF-10.31.1.200,WAF-10.31.1.200,HOSTS,WAFVIP-10.190.250.41,1
WAF-10.31.1.200,WAF-10.31.1.200,HOSTS,WAFVIP-10.190.250.17,1
WAF-10.31.1.200,WAF-10.31.1.200,HOSTS,WAFVIP-10.190.250.34,1
WAF-10.31.1.200,WAF-10.31.1.200,HOSTS,WAFVIP-10.190.250.36,1
WAF-10.31.1.200,WAF-10.31.1.200,HOSTS,WAFVIP-10.190.250.80,1
WAF-10.31.1.200,WAF-10.31.1.200,HOSTS,WAFVIP-10.190.250.199,1
WAF-10.31.1.200,WAF-10.31.1.200,HOSTS,WAFVIP-10.190.250.54,1
WAF-10.31.1.200,WAF-10.31.1.200,HOSTS,WAFVIP-10.190.250.106,1
WAF-10.31.1.200,WAF-10.31.1.200,HOSTS,WAFVIP-10.190.250.58,1
WAF-10.31.1.200,WAF-10.31.1.200,HOSTS,WAFVIP-10.190.250.79,1
WAF-10.31.1.200,WAF-10.31.1.200,HOSTS,WAFVIP-10.190.250.79,1
WAF-10.31.1.200,WAF-10.31.1.200,HOSTS,WAFVIP-10.190.250.223,1
WAF-10.31.1.200,WAF-10.31.1.200,HOSTS,WAFVIP-10.190.250.223,1
WAF-10.31.1.200,WAF-10.31.1.200,HOSTS,WAFVIP-10.190.250.225,1
WAF-10.31.1.200,WAF-10.31.1.200,HOSTS,WAFVIP-10.190.250.225,1
WAF-10.31.1.200,WAF-10.31.1.200,HOSTS,WAFVIP-10.190.250.224,1
WAF-10.31.1.200,WAF-10.31.1.200,HOSTS,WAFVIP-10.190.250.224,1
WAF-10.31.1.200,WAF-10.31.1.200,HOSTS,WAFVIP-10.190.250.4,1
WAF-10.31.1.200,WAF-10.31.1.200,HOSTS,WAFVIP-10.190.250.91,1
WAF-10.31.1.200,WAF-10.31.1.200,HOSTS,WAFVIP-10.190.250.77,1
WAF-10.31.1.200,WAF-10.31.1.200,HOSTS,WAFVIP-10.190.250.134,1
WAF-10.31.1.200,WAF-10.31.1.200,HOSTS,WAFVIP-10.190.250.191,1
WAF-10.31.1.200,WAF-10.31.1.200,HOSTS,WAFVIP-10.190.250.191,1
WAF-10.31.1.200,WAF-10.31.1.200,HOSTS,WAFVIP-10.190.250.191,1
WAF-10.31.1.200,WAF-10.31.1.200,HOSTS,WAFVIP-10.190.250.33,1
WAF-10.31.1.200,WAF-10.31.1.200,HOSTS,WAFVIP-10.190.250.215,1
WAF-10.31.1.200,WAF-10.31.1.200,HOSTS,WAFVIP-10.190.250.93,1
WAF-10.31.1.200,WAF-10.31.1.200,HOSTS,WAFVIP-10.190.250.92,1
WAF-10.31.1.200,WAF-10.31.1.200,HOSTS,WAFVIP-10.190.250.228,1
WAF-10.31.1.200,WAF-10.31.1.200,HOSTS,WAFVIP-10.190.250.27,1
WAF-10.31.1.158,WAF-10.31.1.158,HOSTS,WAFVIP-10.94.0.57,1
WAF-10.31.1.158,WAF-10.31.1.158,HOSTS,WAFVIP-10.94.0.65,1
WAF-10.31.1.158,WAF-10.31.1.158,HOSTS,WAFVIP-10.94.1.65,1
WAF-10.31.1.158,WAF-10.31.1.158,HOSTS,WAFVIP-10.94.0.86,1
WAF-10.31.1.158,WAF-10.31.1.158,HOSTS,WAFVIP-10.94.0.88,1
WAF-10.31.1.158,WAF-10.31.1.158,HOSTS,WAFVIP-10.94.1.23,1
WAF-10.31.1.158,WAF-10.31.1.158,HOSTS,WAFVIP-10.94.0.104,1
WAF-10.31.1.158,WAF-10.31.1.158,HOSTS,WAFVIP-10.94.0.103,1
WAF-10.31.1.158,WAF-10.31.1.158,HOSTS,WAFVIP-10.94.0.82,1
WAF-10.31.1.158,WAF-10.31.1.158,HOSTS,WAFVIP-10.94.0.36,1
WAF-10.31.1.158,WAF-10.31.1.158,HOSTS,WAFVIP-10.94.0.30,1
WAF-10.31.1.158,WAF-10.31.1.158,HOSTS,WAFVIP-10.94.0.123,1
WAF-10.31.1.158,WAF-10.31.1.158,HOSTS,WAFVIP-10.94.0.58,1
WAF-10.31.1.158,WAF-10.31.1.158,HOSTS,WAFVIP-10.94.1.58,1
WAF-10.31.1.158,WAF-10.31.1.158,HOSTS,WAFVIP-10.94.0.99,1
WAF-10.31.1.158,WAF-10.31.1.158,HOSTS,WAFVIP-10.94.0.99,1
WAF-10.31.1.158,WAF-10.31.1.158,HOSTS,WAFVIP-10.94.0.98,1
WAF-10.31.1.158,WAF-10.31.1.158,HOSTS,WAFVIP-10.94.0.206,1
WAF-10.31.1.158,WAF-10.31.1.158,HOSTS,WAFVIP-10.94.0.185,1
WAF-10.31.1.158,WAF-10.31.1.158,HOSTS,WAFVIP-10.94.0.49,1
WAF-10.31.1.158,WAF-10.31.1.158,HOSTS,WAFVIP-10.94.0.120,1
WAF-10.31.1.158,WAF-10.31.1.158,HOSTS,WAFVIP-10.94.0.115,1
WAF-10.31.1.158,WAF-10.31.1.158,HOSTS,WAFVIP-10.94.0.41,1
WAF-10.31.1.158,WAF-10.31.1.158,HOSTS,WAFVIP-10.94.0.77,1
WAF-10.31.1.158,WAF-10.31.1.158,HOSTS,WAFVIP-10.94.0.76,1
WAF-10.31.1.158,WAF-10.31.1.158,HOSTS,WAFVIP-10.94.0.69,1
WAF-10.31.1.158,WAF-10.31.1.158,HOSTS,WAFVIP-10.94.0.34,1
WAF-10.31.1.158,WAF-10.31.1.158,HOSTS,WAFVIP-10.94.0.32,1
WAF-10.31.1.158,WAF-10.31.1.158,HOSTS,WAFVIP-10.94.0.205,1
WAF-10.31.1.158,WAF-10.31.1.158,HOSTS,WAFVIP-10.94.0.204,1
WAF-10.31.1.158,WAF-10.31.1.158,HOSTS,WAFVIP-10.94.0.60,1
WAF-10.31.1.158,WAF-10.31.1.158,HOSTS,WAFVIP-10.94.1.60,1
WAF-10.31.1.158,WAF-10.31.1.158,HOSTS,WAFVIP-10.94.0.26,1
WAF-10.31.1.158,WAF-10.31.1.158,HOSTS,WAFVIP-10.94.1.26,1
WAF-10.31.1.158,WAF-10.31.1.158,HOSTS,WAFVIP-10.94.0.25,1
WAF-10.31.1.158,WAF-10.31.1.158,HOSTS,WAFVIP-10.94.0.71,1
WAF-10.31.1.158,WAF-10.31.1.158,HOSTS,WAFVIP-10.94.0.68,1
WAF-10.31.1.158,WAF-10.31.1.158,HOSTS,WAFVIP-10.94.0.20,1
WAF-10.31.1.158,WAF-10.31.1.158,HOSTS,WAFVIP-10.94.0.20,1
WAF-10.31.1.158,WAF-10.31.1.158,HOSTS,WAFVIP-10.94.0.113,1
WAF-10.31.1.158,WAF-10.31.1.158,HOSTS,WAFVIP-10.94.0.202,1
WAF-10.31.1.158,WAF-10.31.1.158,HOSTS,WAFVIP-10.94.0.87,1
WAF-10.31.1.158,WAF-10.31.1.158,HOSTS,WAFVIP-10.94.0.75,1
WAF-10.31.1.158,WAF-10.31.1.158,HOSTS,WAFVIP-10.94.0.93,1
WAF-10.31.1.158,WAF-10.31.1.158,HOSTS,WAFVIP-10.94.0.74,1
WAF-10.31.1.158,WAF-10.31.1.158,HOSTS,WAFVIP-10.94.0.97,1
WAF-10.31.1.158,WAF-10.31.1.158,HOSTS,WAFVIP-10.94.0.97,1
WAF-10.31.1.158,WAF-10.31.1.158,HOSTS,WAFVIP-10.94.0.79,1
WAF-10.31.1.158,WAF-10.31.1.158,HOSTS,WAFVIP-10.94.0.73,1
WAF-10.31.1.158,WAF-10.31.1.158,HOSTS,WAFVIP-10.94.0.72,1
WAF-10.31.1.158,WAF-10.31.1.158,HOSTS,WAFVIP-10.94.0.96,1
WAF-10.31.1.158,WAF-10.31.1.158,HOSTS,WAFVIP-10.94.0.95,1
WAF-10.31.1.158,WAF-10.31.1.158,HOSTS,WAFVIP-10.94.0.9,1
WAF-10.31.1.158,WAF-10.31.1.158,HOSTS,WAFVIP-10.94.1.9,1
WAF-10.31.1.158,WAF-10.31.1.158,HOSTS,WAFVIP-10.94.0.5,1
WAF-10.31.1.158,WAF-10.31.1.158,HOSTS,WAFVIP-10.94.0.45,1
WAF-10.31.1.158,WAF-10.31.1.158,HOSTS,WAFVIP-10.94.0.28,1
WAF-10.31.1.158,WAF-10.31.1.158,HOSTS,WAFVIP-10.94.0.114,1
WAF-10.31.1.158,WAF-10.31.1.158,HOSTS,WAFVIP-10.94.0.39,1
WAF-10.31.1.158,WAF-10.31.1.158,HOSTS,WAFVIP-10.94.0.200,1
WAF-10.31.1.158,WAF-10.31.1.158,HOSTS,WAFVIP-10.94.0.201,1
WAF-10.31.1.158,WAF-10.31.1.158,HOSTS,WAFVIP-10.94.0.201,1
WAF-10.31.1.158,WAF-10.31.1.158,HOSTS,WAFVIP-10.94.0.201,1
WAF-10.31.1.158,WAF-10.31.1.158,HOSTS,WAFVIP-10.94.0.23,1
WAF-10.31.1.158,WAF-10.31.1.158,HOSTS,WAFVIP-10.94.0.91,1
WAF-10.31.1.158,WAF-10.31.1.158,HOSTS,WAFVIP-10.94.1.80,1
WAF-10.31.1.158,WAF-10.31.1.158,HOSTS,WAFVIP-10.94.0.37,1
WAF-10.31.1.158,WAF-10.31.1.158,HOSTS,WAFVIP-10.94.0.33,1
WAF-10.31.1.158,WAF-10.31.1.158,HOSTS,WAFVIP-10.94.0.59,1
WAF-10.31.1.158,WAF-10.31.1.158,HOSTS,WAFVIP-10.94.0.81,1
WAF-10.31.1.158,WAF-10.31.1.158,HOSTS,WAFVIP-10.94.0.108,1
WAF-10.31.1.158,WAF-10.31.1.158,HOSTS,WAFVIP-10.94.1.43,1
WAF-10.31.1.158,WAF-10.31.1.158,HOSTS,WAFVIP-10.94.0.8,1
WAF-10.31.1.158,WAF-10.31.1.158,HOSTS,WAFVIP-10.94.0.40,1
WAF-10.31.1.158,WAF-10.31.1.158,HOSTS,WAFVIP-10.94.0.64,1
WAF-10.31.1.158,WAF-10.31.1.158,HOSTS,WAFVIP-10.94.0.64,1
WAF-10.31.1.158,WAF-10.31.1.158,HOSTS,WAFVIP-10.94.0.3,1
WAF-10.31.1.158,WAF-10.31.1.158,HOSTS,WAFVIP-10.94.0.17,1
WAF-10.31.1.158,WAF-10.31.1.158,HOSTS,WAFVIP-10.94.0.31,1
WAF-10.31.1.158,WAF-10.31.1.158,HOSTS,WAFVIP-10.94.0.43,1
WAF-10.31.1.158,WAF-10.31.1.158,HOSTS,WAFVIP-10.94.0.42,1
WAF-10.31.1.158,WAF-10.31.1.158,HOSTS,WAFVIP-10.94.1.42,1
WAF-10.31.1.158,WAF-10.31.1.158,HOSTS,WAFVIP-10.94.0.54,1
WAF-10.31.1.158,WAF-10.31.1.158,HOSTS,WAFVIP-10.94.0.35,1
WAF-10.31.1.158,WAF-10.31.1.158,HOSTS,WAFVIP-10.94.0.52,1
WAF-10.31.1.158,WAF-10.31.1.158,HOSTS,WAFVIP-10.94.0.83,1
WAF-10.31.1.158,WAF-10.31.1.158,HOSTS,WAFVIP-10.94.0.24,1
WAF-10.31.1.158,WAF-10.31.1.158,HOSTS,WAFVIP-10.94.0.109,1
WAF-10.31.1.158,WAF-10.31.1.158,HOSTS,WAFVIP-10.94.2.7,1
WAF-10.31.1.158,WAF-10.31.1.158,HOSTS,WAFVIP-10.94.0.7,1
WAF-10.31.1.158,WAF-10.31.1.158,HOSTS,WAFVIP-10.94.0.56,1
WAF-10.31.1.158,WAF-10.31.1.158,HOSTS,WAFVIP-10.94.0.92,1
WAF-10.31.1.158,WAF-10.31.1.158,HOSTS,WAFVIP-10.94.0.47,1
WAF-10.31.1.158,WAF-10.31.1.158,HOSTS,WAFVIP-10.94.0.2,1
WAF-10.31.1.158,WAF-10.31.1.158,HOSTS,WAFVIP-10.94.0.2,1
WAF-10.31.1.158,WAF-10.31.1.158,HOSTS,WAFVIP-10.94.1.2,1
WAF-10.31.1.158,WAF-10.31.1.158,HOSTS,WAFVIP-10.94.0.116,1
WAF-10.31.1.158,WAF-10.31.1.158,HOSTS,WAFVIP-10.94.0.122,1
WAF-10.31.1.158,WAF-10.31.1.158,HOSTS,WAFVIP-10.94.0.128,1
WAF-10.31.1.158,WAF-10.31.1.158,HOSTS,WAFVIP-10.94.0.91,1
WAF-10.31.1.158,WAF-10.31.1.158,HOSTS,WAFVIP-10.94.0.112,1
WAF-10.31.1.158,WAF-10.31.1.158,HOSTS,WAFVIP-10.94.0.111,1
WAF-10.31.1.158,WAF-10.31.1.158,HOSTS,WAFVIP-10.94.0.72,1
WAF-10.31.1.158,WAF-10.31.1.158,HOSTS,WAFVIP-10.94.0.106,1
WAF-10.31.1.158,WAF-10.31.1.158,HOSTS,WAFVIP-10.94.0.105,1
WAF-10.31.1.158,WAF-10.31.1.158,HOSTS,WAFVIP-10.94.0.6,1
WAF-10.31.1.158,WAF-10.31.1.158,HOSTS,WAFVIP-10.94.0.107,1
WAF-10.31.6.134,WAF-10.31.6.134,HOSTS,WAFVIP-10.31.39.35,1
WAF-10.31.6.134,WAF-10.31.6.134,HOSTS,WAFVIP-10.31.39.7,1
WAF-10.31.6.134,WAF-10.31.6.134,HOSTS,WAFVIP-10.31.39.21,1
WAF-10.31.6.134,WAF-10.31.6.134,HOSTS,WAFVIP-10.31.39.8,1
WAF-10.31.6.134,WAF-10.31.6.134,HOSTS,WAFVIP-10.31.39.36,1
WAF-10.31.6.134,WAF-10.31.6.134,HOSTS,WAFVIP-10.31.39.40,1
WAF-10.31.6.134,WAF-10.31.6.134,HOSTS,WAFVIP-10.31.39.28,1
WAF-10.31.6.134,WAF-10.31.6.134,HOSTS,WAFVIP-10.31.39.14,1
WAF-10.31.6.134,WAF-10.31.6.134,HOSTS,WAFVIP-10.31.39.12,1
WAF-10.31.6.134,WAF-10.31.6.134,HOSTS,WAFVIP-10.31.39.13,1
WAF-10.31.6.134,WAF-10.31.6.134,HOSTS,WAFVIP-10.31.39.68,1
WAF-10.31.6.134,WAF-10.31.6.134,HOSTS,WAFVIP-10.31.39.16,1
WAF-10.31.6.134,WAF-10.31.6.134,HOSTS,WAFVIP-10.31.39.42,1
WAF-10.31.6.134,WAF-10.31.6.134,HOSTS,WAFVIP-10.31.39.29,1
WAF-10.31.6.134,WAF-10.31.6.134,HOSTS,WAFVIP-10.31.39.23,1
WAF-10.31.6.134,WAF-10.31.6.134,HOSTS,WAFVIP-10.31.39.19,1
WAF-10.31.6.134,WAF-10.31.6.134,HOSTS,WAFVIP-10.31.39.15,1
WAF-10.31.6.134,WAF-10.31.6.134,HOSTS,WAFVIP-10.31.39.41,1
WAF-10.31.6.134,WAF-10.31.6.134,HOSTS,WAFVIP-10.31.39.31,1
WAF-10.31.6.134,WAF-10.31.6.134,HOSTS,WAFVIP-10.31.39.27,1
WAF-10.31.6.134,WAF-10.31.6.134,HOSTS,WAFVIP-10.31.39.30,1
WAF-10.31.6.134,WAF-10.31.6.134,HOSTS,WAFVIP-10.31.39.6,1
WAF-10.31.6.134,WAF-10.31.6.134,HOSTS,WAFVIP-10.31.39.5,1
WAF-10.31.6.134,WAF-10.31.6.134,HOSTS,WAFVIP-10.31.39.52,1
WAF-10.31.6.134,WAF-10.31.6.134,HOSTS,WAFVIP-10.31.39.34,1
WAF-10.31.6.134,WAF-10.31.6.134,HOSTS,WAFVIP-10.31.39.17,1
WAF-10.31.6.134,WAF-10.31.6.134,HOSTS,WAFVIP-10.31.39.18,1
WAF-10.31.1.201,WAF-10.31.1.201,HOSTS,WAFVIP-10.190.250.31,0
WAF-10.31.1.201,WAF-10.31.1.201,HOSTS,WAFVIP-10.190.250.83,0
WAF-10.31.1.201,WAF-10.31.1.201,HOSTS,WAFVIP-10.190.250.203,0
WAF-10.31.1.201,WAF-10.31.1.201,HOSTS,WAFVIP-10.190.250.42,0
WAF-10.31.1.201,WAF-10.31.1.201,HOSTS,WAFVIP-10.190.250.8,0
WAF-10.31.1.201,WAF-10.31.1.201,HOSTS,WAFVIP-10.190.250.204,0
WAF-10.31.1.201,WAF-10.31.1.201,HOSTS,WAFVIP-10.190.250.111,0
WAF-10.31.1.201,WAF-10.31.1.201,HOSTS,WAFVIP-10.190.250.112,0
WAF-10.31.1.201,WAF-10.31.1.201,HOSTS,WAFVIP-10.190.250.182,0
WAF-10.31.1.201,WAF-10.31.1.201,HOSTS,WAFVIP-10.190.250.181,0
WAF-10.31.1.201,WAF-10.31.1.201,HOSTS,WAFVIP-10.190.250.19,0
WAF-10.31.1.201,WAF-10.31.1.201,HOSTS,WAFVIP-10.190.250.69,0
WAF-10.31.1.201,WAF-10.31.1.201,HOSTS,WAFVIP-10.190.250.70,0
WAF-10.31.1.201,WAF-10.31.1.201,HOSTS,WAFVIP-10.190.250.71,0
WAF-10.31.1.201,WAF-10.31.1.201,HOSTS,WAFVIP-10.190.250.56,0
WAF-10.31.1.201,WAF-10.31.1.201,HOSTS,WAFVIP-10.190.250.57,0
WAF-10.31.1.201,WAF-10.31.1.201,HOSTS,WAFVIP-10.190.250.82,0
WAF-10.31.1.201,WAF-10.31.1.201,HOSTS,WAFVIP-10.190.250.76,0
WAF-10.31.1.201,WAF-10.31.1.201,HOSTS,WAFVIP-10.190.250.132,0
WAF-10.31.1.201,WAF-10.31.1.201,HOSTS,WAFVIP-10.190.250.133,0
WAF-10.31.1.201,WAF-10.31.1.201,HOSTS,WAFVIP-10.190.250.103,0
WAF-10.31.1.201,WAF-10.31.1.201,HOSTS,WAFVIP-10.190.250.123,0
WAF-10.31.1.201,WAF-10.31.1.201,HOSTS,WAFVIP-10.190.250.47,0
WAF-10.31.1.201,WAF-10.31.1.201,HOSTS,WAFVIP-10.190.250.205,0
WAF-10.31.1.201,WAF-10.31.1.201,HOSTS,WAFVIP-10.190.250.43,0
WAF-10.31.1.201,WAF-10.31.1.201,HOSTS,WAFVIP-10.190.250.99,0
WAF-10.31.1.201,WAF-10.31.1.201,HOSTS,WAFVIP-10.190.250.90,0
WAF-10.31.1.201,WAF-10.31.1.201,HOSTS,WAFVIP-10.190.250.206,0
WAF-10.31.1.201,WAF-10.31.1.201,HOSTS,WAFVIP-10.190.250.73,0
WAF-10.31.1.201,WAF-10.31.1.201,HOSTS,WAFVIP-10.190.250.72,0
WAF-10.31.1.201,WAF-10.31.1.201,HOSTS,WAFVIP-10.190.250.217,0
WAF-10.31.1.201,WAF-10.31.1.201,HOSTS,WAFVIP-10.190.250.218,0
WAF-10.31.1.201,WAF-10.31.1.201,HOSTS,WAFVIP-10.190.250.13,0
WAF-10.31.1.201,WAF-10.31.1.201,HOSTS,WAFVIP-10.190.250.119,0
WAF-10.31.1.201,WAF-10.31.1.201,HOSTS,WAFVIP-10.190.250.118,0
WAF-10.31.1.201,WAF-10.31.1.201,HOSTS,WAFVIP-10.190.250.12,0
WAF-10.31.1.201,WAF-10.31.1.201,HOSTS,WAFVIP-10.190.250.65,0
WAF-10.31.1.201,WAF-10.31.1.201,HOSTS,WAFVIP-10.190.250.64,0
WAF-10.31.1.201,WAF-10.31.1.201,HOSTS,WAFVIP-10.190.250.180,0
WAF-10.31.1.201,WAF-10.31.1.201,HOSTS,WAFVIP-10.190.250.44,0
WAF-10.31.1.201,WAF-10.31.1.201,HOSTS,WAFVIP-10.190.250.219,0
WAF-10.31.1.201,WAF-10.31.1.201,HOSTS,WAFVIP-10.190.250.250,0
WAF-10.31.1.201,WAF-10.31.1.201,HOSTS,WAFVIP-10.190.250.115,0
WAF-10.31.1.201,WAF-10.31.1.201,HOSTS,WAFVIP-10.190.250.107,0
WAF-10.31.1.201,WAF-10.31.1.201,HOSTS,WAFVIP-10.190.250.87,0
WAF-10.31.1.201,WAF-10.31.1.201,HOSTS,WAFVIP-10.190.250.207,0
WAF-10.31.1.201,WAF-10.31.1.201,HOSTS,WAFVIP-10.190.250.216,0
WAF-10.31.1.201,WAF-10.31.1.201,HOSTS,WAFVIP-10.190.250.108,0
WAF-10.31.1.201,WAF-10.31.1.201,HOSTS,WAFVIP-10.190.250.9,0
WAF-10.31.1.201,WAF-10.31.1.201,HOSTS,WAFVIP-10.190.250.208,0
WAF-10.31.1.201,WAF-10.31.1.201,HOSTS,WAFVIP-10.190.250.25,0
WAF-10.31.1.201,WAF-10.31.1.201,HOSTS,WAFVIP-10.190.250.38,0
WAF-10.31.1.201,WAF-10.31.1.201,HOSTS,WAFVIP-10.190.250.67,0
WAF-10.31.1.201,WAF-10.31.1.201,HOSTS,WAFVIP-10.190.250.6,0
WAF-10.31.1.201,WAF-10.31.1.201,HOSTS,WAFVIP-10.190.250.5,0
WAF-10.31.1.201,WAF-10.31.1.201,HOSTS,WAFVIP-10.190.250.89,0
WAF-10.31.1.201,WAF-10.31.1.201,HOSTS,WAFVIP-10.190.250.209,0
WAF-10.31.1.201,WAF-10.31.1.201,HOSTS,WAFVIP-10.190.250.88,0
WAF-10.31.1.201,WAF-10.31.1.201,HOSTS,WAFVIP-10.190.250.210,0
WAF-10.31.1.201,WAF-10.31.1.201,HOSTS,WAFVIP-10.190.250.86,0
WAF-10.31.1.201,WAF-10.31.1.201,HOSTS,WAFVIP-10.190.250.211,0
WAF-10.31.1.201,WAF-10.31.1.201,HOSTS,WAFVIP-10.190.250.130,0
WAF-10.31.1.201,WAF-10.31.1.201,HOSTS,WAFVIP-10.190.250.226,0
WAF-10.31.1.201,WAF-10.31.1.201,HOSTS,WAFVIP-10.190.250.124,0
WAF-10.31.1.201,WAF-10.31.1.201,HOSTS,WAFVIP-10.190.250.75,0
WAF-10.31.1.201,WAF-10.31.1.201,HOSTS,WAFVIP-10.190.250.74,0
WAF-10.31.1.201,WAF-10.31.1.201,HOSTS,WAFVIP-10.190.250.120,0
WAF-10.31.1.201,WAF-10.31.1.201,HOSTS,WAFVIP-10.190.250.122,0
WAF-10.31.1.201,WAF-10.31.1.201,HOSTS,WAFVIP-10.190.250.46,0
WAF-10.31.1.201,WAF-10.31.1.201,HOSTS,WAFVIP-10.190.250.97,0
WAF-10.31.1.201,WAF-10.31.1.201,HOSTS,WAFVIP-10.190.250.95,0
WAF-10.31.1.201,WAF-10.31.1.201,HOSTS,WAFVIP-10.190.250.55,0
WAF-10.31.1.201,WAF-10.31.1.201,HOSTS,WAFVIP-10.190.250.7,0
WAF-10.31.1.201,WAF-10.31.1.201,HOSTS,WAFVIP-10.190.250.84,0
WAF-10.31.1.201,WAF-10.31.1.201,HOSTS,WAFVIP-10.190.250.114,0
WAF-10.31.1.201,WAF-10.31.1.201,HOSTS,WAFVIP-10.190.250.30,0
WAF-10.31.1.201,WAF-10.31.1.201,HOSTS,WAFVIP-10.190.250.68,0
WAF-10.31.1.201,WAF-10.31.1.201,HOSTS,WAFVIP-10.190.250.78,0
WAF-10.31.1.201,WAF-10.31.1.201,HOSTS,WAFVIP-10.190.250.94,0
WAF-10.31.1.201,WAF-10.31.1.201,HOSTS,WAFVIP-10.190.250.200,0
WAF-10.31.1.201,WAF-10.31.1.201,HOSTS,WAFVIP-10.190.250.109,0
WAF-10.31.1.201,WAF-10.31.1.201,HOSTS,WAFVIP-10.190.250.26,0
WAF-10.31.1.201,WAF-10.31.1.201,HOSTS,WAFVIP-10.190.250.35,0
WAF-10.31.1.201,WAF-10.31.1.201,HOSTS,WAFVIP-10.190.250.212,0
WAF-10.31.1.201,WAF-10.31.1.201,HOSTS,WAFVIP-10.190.250.85,0
WAF-10.31.1.201,WAF-10.31.1.201,HOSTS,WAFVIP-10.190.250.2,0
WAF-10.31.1.201,WAF-10.31.1.201,HOSTS,WAFVIP-10.190.250.28,0
WAF-10.31.1.201,WAF-10.31.1.201,HOSTS,WAFVIP-10.190.250.53,0
WAF-10.31.1.201,WAF-10.31.1.201,HOSTS,WAFVIP-10.190.250.59,0
WAF-10.31.1.201,WAF-10.31.1.201,HOSTS,WAFVIP-10.190.250.98,0
WAF-10.31.1.201,WAF-10.31.1.201,HOSTS,WAFVIP-10.190.250.121,0
WAF-10.31.1.201,WAF-10.31.1.201,HOSTS,WAFVIP-10.190.250.10,0
WAF-10.31.1.201,WAF-10.31.1.201,HOSTS,WAFVIP-10.190.250.32,0
WAF-10.31.1.201,WAF-10.31.1.201,HOSTS,WAFVIP-10.190.250.116,0
WAF-10.31.1.201,WAF-10.31.1.201,HOSTS,WAFVIP-10.190.250.105,0
WAF-10.31.1.201,WAF-10.31.1.201,HOSTS,WAFVIP-10.190.250.105,0
WAF-10.31.1.201,WAF-10.31.1.201,HOSTS,WAFVIP-10.190.250.37,0
WAF-10.31.1.201,WAF-10.31.1.201,HOSTS,WAFVIP-10.190.250.220,0
WAF-10.31.1.201,WAF-10.31.1.201,HOSTS,WAFVIP-10.190.250.221,0
WAF-10.31.1.201,WAF-10.31.1.201,HOSTS,WAFVIP-10.190.250.222,0
WAF-10.31.1.201,WAF-10.31.1.201,HOSTS,WAFVIP-10.190.250.63,0
WAF-10.31.1.201,WAF-10.31.1.201,HOSTS,WAFVIP-10.190.250.62,0
WAF-10.31.1.201,WAF-10.31.1.201,HOSTS,WAFVIP-10.190.250.100,0
WAF-10.31.1.201,WAF-10.31.1.201,HOSTS,WAFVIP-10.190.250.100,0
WAF-10.31.1.201,WAF-10.31.1.201,HOSTS,WAFVIP-10.190.250.101,0
WAF-10.31.1.201,WAF-10.31.1.201,HOSTS,WAFVIP-10.190.250.81,0
WAF-10.31.1.201,WAF-10.31.1.201,HOSTS,WAFVIP-10.190.250.48,0
WAF-10.31.1.201,WAF-10.31.1.201,HOSTS,WAFVIP-10.190.250.52,0
WAF-10.31.1.201,WAF-10.31.1.201,HOSTS,WAFVIP-10.190.250.23,0
WAF-10.31.1.201,WAF-10.31.1.201,HOSTS,WAFVIP-10.190.250.29,0
WAF-10.31.1.201,WAF-10.31.1.201,HOSTS,WAFVIP-10.190.250.14,0
WAF-10.31.1.201,WAF-10.31.1.201,HOSTS,WAFVIP-10.190.250.214,0
WAF-10.31.1.201,WAF-10.31.1.201,HOSTS,WAFVIP-10.190.250.45,0
WAF-10.31.1.201,WAF-10.31.1.201,HOSTS,WAFVIP-10.190.250.39,0
WAF-10.31.1.201,WAF-10.31.1.201,HOSTS,WAFVIP-10.190.250.18,0
WAF-10.31.1.201,WAF-10.31.1.201,HOSTS,WAFVIP-10.190.250.15,0
WAF-10.31.1.201,WAF-10.31.1.201,HOSTS,WAFVIP-10.190.250.24,0
WAF-10.31.1.201,WAF-10.31.1.201,HOSTS,WAFVIP-10.190.250.20,0
WAF-10.31.1.201,WAF-10.31.1.201,HOSTS,WAFVIP-10.190.250.22,0
WAF-10.31.1.201,WAF-10.31.1.201,HOSTS,WAFVIP-10.190.250.41,0
WAF-10.31.1.201,WAF-10.31.1.201,HOSTS,WAFVIP-10.190.250.17,0
WAF-10.31.1.201,WAF-10.31.1.201,HOSTS,WAFVIP-10.190.250.34,0
WAF-10.31.1.201,WAF-10.31.1.201,HOSTS,WAFVIP-10.190.250.36,0
WAF-10.31.1.201,WAF-10.31.1.201,HOSTS,WAFVIP-10.190.250.80,0
WAF-10.31.1.201,WAF-10.31.1.201,HOSTS,WAFVIP-10.190.250.199,0
WAF-10.31.1.201,WAF-10.31.1.201,HOSTS,WAFVIP-10.190.250.54,0
WAF-10.31.1.201,WAF-10.31.1.201,HOSTS,WAFVIP-10.190.250.106,0
WAF-10.31.1.201,WAF-10.31.1.201,HOSTS,WAFVIP-10.190.250.58,0
WAF-10.31.1.201,WAF-10.31.1.201,HOSTS,WAFVIP-10.190.250.79,0
WAF-10.31.1.201,WAF-10.31.1.201,HOSTS,WAFVIP-10.190.250.79,0
WAF-10.31.1.201,WAF-10.31.1.201,HOSTS,WAFVIP-10.190.250.223,0
WAF-10.31.1.201,WAF-10.31.1.201,HOSTS,WAFVIP-10.190.250.223,0
WAF-10.31.1.201,WAF-10.31.1.201,HOSTS,WAFVIP-10.190.250.225,0
WAF-10.31.1.201,WAF-10.31.1.201,HOSTS,WAFVIP-10.190.250.225,0
WAF-10.31.1.201,WAF-10.31.1.201,HOSTS,WAFVIP-10.190.250.224,0
WAF-10.31.1.201,WAF-10.31.1.201,HOSTS,WAFVIP-10.190.250.224,0
WAF-10.31.1.201,WAF-10.31.1.201,HOSTS,WAFVIP-10.190.250.4,0
WAF-10.31.1.201,WAF-10.31.1.201,HOSTS,WAFVIP-10.190.250.91,0
WAF-10.31.1.201,WAF-10.31.1.201,HOSTS,WAFVIP-10.190.250.77,0
WAF-10.31.1.201,WAF-10.31.1.201,HOSTS,WAFVIP-10.190.250.134,0
WAF-10.31.1.201,WAF-10.31.1.201,HOSTS,WAFVIP-10.190.250.191,0
WAF-10.31.1.201,WAF-10.31.1.201,HOSTS,WAFVIP-10.190.250.191,0
WAF-10.31.1.201,WAF-10.31.1.201,HOSTS,WAFVIP-10.190.250.191,0
WAF-10.31.1.201,WAF-10.31.1.201,HOSTS,WAFVIP-10.190.250.33,0
WAF-10.31.1.201,WAF-10.31.1.201,HOSTS,WAFVIP-10.190.250.215,0
WAF-10.31.1.201,WAF-10.31.1.201,HOSTS,WAFVIP-10.190.250.93,0
WAF-10.31.1.201,WAF-10.31.1.201,HOSTS,WAFVIP-10.190.250.92,0
WAF-10.31.1.201,WAF-10.31.1.201,HOSTS,WAFVIP-10.190.250.228,0
WAF-10.31.1.201,WAF-10.31.1.201,HOSTS,WAFVIP-10.190.250.27,0
WAF-10.31.1.159,WAF-10.31.1.159,HOSTS,WAFVIP-10.94.0.57,0
WAF-10.31.1.159,WAF-10.31.1.159,HOSTS,WAFVIP-10.94.0.65,0
WAF-10.31.1.159,WAF-10.31.1.159,HOSTS,WAFVIP-10.94.1.65,0
WAF-10.31.1.159,WAF-10.31.1.159,HOSTS,WAFVIP-10.94.0.86,0
WAF-10.31.1.159,WAF-10.31.1.159,HOSTS,WAFVIP-10.94.0.88,0
WAF-10.31.1.159,WAF-10.31.1.159,HOSTS,WAFVIP-10.94.1.23,0
WAF-10.31.1.159,WAF-10.31.1.159,HOSTS,WAFVIP-10.94.0.104,0
WAF-10.31.1.159,WAF-10.31.1.159,HOSTS,WAFVIP-10.94.0.103,0
WAF-10.31.1.159,WAF-10.31.1.159,HOSTS,WAFVIP-10.94.0.82,0
WAF-10.31.1.159,WAF-10.31.1.159,HOSTS,WAFVIP-10.94.0.36,0
WAF-10.31.1.159,WAF-10.31.1.159,HOSTS,WAFVIP-10.94.0.30,0
WAF-10.31.1.159,WAF-10.31.1.159,HOSTS,WAFVIP-10.94.0.123,0
WAF-10.31.1.159,WAF-10.31.1.159,HOSTS,WAFVIP-10.94.0.58,0
WAF-10.31.1.159,WAF-10.31.1.159,HOSTS,WAFVIP-10.94.1.58,0
WAF-10.31.1.159,WAF-10.31.1.159,HOSTS,WAFVIP-10.94.0.99,0
WAF-10.31.1.159,WAF-10.31.1.159,HOSTS,WAFVIP-10.94.0.99,0
WAF-10.31.1.159,WAF-10.31.1.159,HOSTS,WAFVIP-10.94.0.98,0
WAF-10.31.1.159,WAF-10.31.1.159,HOSTS,WAFVIP-10.94.0.206,0
WAF-10.31.1.159,WAF-10.31.1.159,HOSTS,WAFVIP-10.94.0.185,0
WAF-10.31.1.159,WAF-10.31.1.159,HOSTS,WAFVIP-10.94.0.49,0
WAF-10.31.1.159,WAF-10.31.1.159,HOSTS,WAFVIP-10.94.0.120,0
WAF-10.31.1.159,WAF-10.31.1.159,HOSTS,WAFVIP-10.94.0.115,0
WAF-10.31.1.159,WAF-10.31.1.159,HOSTS,WAFVIP-10.94.0.41,0
WAF-10.31.1.159,WAF-10.31.1.159,HOSTS,WAFVIP-10.94.0.77,0
WAF-10.31.1.159,WAF-10.31.1.159,HOSTS,WAFVIP-10.94.0.76,0
WAF-10.31.1.159,WAF-10.31.1.159,HOSTS,WAFVIP-10.94.0.69,0
WAF-10.31.1.159,WAF-10.31.1.159,HOSTS,WAFVIP-10.94.0.34,0
WAF-10.31.1.159,WAF-10.31.1.159,HOSTS,WAFVIP-10.94.0.32,0
WAF-10.31.1.159,WAF-10.31.1.159,HOSTS,WAFVIP-10.94.0.205,0
WAF-10.31.1.159,WAF-10.31.1.159,HOSTS,WAFVIP-10.94.0.204,0
WAF-10.31.1.159,WAF-10.31.1.159,HOSTS,WAFVIP-10.94.0.60,0
WAF-10.31.1.159,WAF-10.31.1.159,HOSTS,WAFVIP-10.94.1.60,0
WAF-10.31.1.159,WAF-10.31.1.159,HOSTS,WAFVIP-10.94.0.26,0
WAF-10.31.1.159,WAF-10.31.1.159,HOSTS,WAFVIP-10.94.1.26,0
WAF-10.31.1.159,WAF-10.31.1.159,HOSTS,WAFVIP-10.94.0.25,0
WAF-10.31.1.159,WAF-10.31.1.159,HOSTS,WAFVIP-10.94.0.71,0
WAF-10.31.1.159,WAF-10.31.1.159,HOSTS,WAFVIP-10.94.0.68,0
WAF-10.31.1.159,WAF-10.31.1.159,HOSTS,WAFVIP-10.94.0.20,0
WAF-10.31.1.159,WAF-10.31.1.159,HOSTS,WAFVIP-10.94.0.20,0
WAF-10.31.1.159,WAF-10.31.1.159,HOSTS,WAFVIP-10.94.0.113,0
WAF-10.31.1.159,WAF-10.31.1.159,HOSTS,WAFVIP-10.94.0.202,0
WAF-10.31.1.159,WAF-10.31.1.159,HOSTS,WAFVIP-10.94.0.87,0
WAF-10.31.1.159,WAF-10.31.1.159,HOSTS,WAFVIP-10.94.0.75,0
WAF-10.31.1.159,WAF-10.31.1.159,HOSTS,WAFVIP-10.94.0.93,0
WAF-10.31.1.159,WAF-10.31.1.159,HOSTS,WAFVIP-10.94.0.74,0
WAF-10.31.1.159,WAF-10.31.1.159,HOSTS,WAFVIP-10.94.0.97,0
WAF-10.31.1.159,WAF-10.31.1.159,HOSTS,WAFVIP-10.94.0.97,0
WAF-10.31.1.159,WAF-10.31.1.159,HOSTS,WAFVIP-10.94.0.79,0
WAF-10.31.1.159,WAF-10.31.1.159,HOSTS,WAFVIP-10.94.0.73,0
WAF-10.31.1.159,WAF-10.31.1.159,HOSTS,WAFVIP-10.94.0.72,0
WAF-10.31.1.159,WAF-10.31.1.159,HOSTS,WAFVIP-10.94.0.96,0
WAF-10.31.1.159,WAF-10.31.1.159,HOSTS,WAFVIP-10.94.0.95,0
WAF-10.31.1.159,WAF-10.31.1.159,HOSTS,WAFVIP-10.94.0.9,0
WAF-10.31.1.159,WAF-10.31.1.159,HOSTS,WAFVIP-10.94.1.9,0
WAF-10.31.1.159,WAF-10.31.1.159,HOSTS,WAFVIP-10.94.0.5,0
WAF-10.31.1.159,WAF-10.31.1.159,HOSTS,WAFVIP-10.94.0.45,0
WAF-10.31.1.159,WAF-10.31.1.159,HOSTS,WAFVIP-10.94.0.28,0
WAF-10.31.1.159,WAF-10.31.1.159,HOSTS,WAFVIP-10.94.0.114,0
WAF-10.31.1.159,WAF-10.31.1.159,HOSTS,WAFVIP-10.94.0.39,0
WAF-10.31.1.159,WAF-10.31.1.159,HOSTS,WAFVIP-10.94.0.200,0
WAF-10.31.1.159,WAF-10.31.1.159,HOSTS,WAFVIP-10.94.0.201,0
WAF-10.31.1.159,WAF-10.31.1.159,HOSTS,WAFVIP-10.94.0.201,0
WAF-10.31.1.159,WAF-10.31.1.159,HOSTS,WAFVIP-10.94.0.201,0
WAF-10.31.1.159,WAF-10.31.1.159,HOSTS,WAFVIP-10.94.0.23,0
WAF-10.31.1.159,WAF-10.31.1.159,HOSTS,WAFVIP-10.94.0.91,0
WAF-10.31.1.159,WAF-10.31.1.159,HOSTS,WAFVIP-10.94.1.80,0
WAF-10.31.1.159,WAF-10.31.1.159,HOSTS,WAFVIP-10.94.0.37,0
WAF-10.31.1.159,WAF-10.31.1.159,HOSTS,WAFVIP-10.94.0.33,0
WAF-10.31.1.159,WAF-10.31.1.159,HOSTS,WAFVIP-10.94.0.59,0
WAF-10.31.1.159,WAF-10.31.1.159,HOSTS,WAFVIP-10.94.0.81,0
WAF-10.31.1.159,WAF-10.31.1.159,HOSTS,WAFVIP-10.94.0.108,0
WAF-10.31.1.159,WAF-10.31.1.159,HOSTS,WAFVIP-10.94.1.43,0
WAF-10.31.1.159,WAF-10.31.1.159,HOSTS,WAFVIP-10.94.0.8,0
WAF-10.31.1.159,WAF-10.31.1.159,HOSTS,WAFVIP-10.94.0.40,0
WAF-10.31.1.159,WAF-10.31.1.159,HOSTS,WAFVIP-10.94.0.64,0
WAF-10.31.1.159,WAF-10.31.1.159,HOSTS,WAFVIP-10.94.0.64,0
WAF-10.31.1.159,WAF-10.31.1.159,HOSTS,WAFVIP-10.94.0.3,0
WAF-10.31.1.159,WAF-10.31.1.159,HOSTS,WAFVIP-10.94.0.17,0
WAF-10.31.1.159,WAF-10.31.1.159,HOSTS,WAFVIP-10.94.0.31,0
WAF-10.31.1.159,WAF-10.31.1.159,HOSTS,WAFVIP-10.94.0.43,0
WAF-10.31.1.159,WAF-10.31.1.159,HOSTS,WAFVIP-10.94.0.42,0
WAF-10.31.1.159,WAF-10.31.1.159,HOSTS,WAFVIP-10.94.1.42,0
WAF-10.31.1.159,WAF-10.31.1.159,HOSTS,WAFVIP-10.94.0.54,0
WAF-10.31.1.159,WAF-10.31.1.159,HOSTS,WAFVIP-10.94.0.35,0
WAF-10.31.1.159,WAF-10.31.1.159,HOSTS,WAFVIP-10.94.0.52,0
WAF-10.31.1.159,WAF-10.31.1.159,HOSTS,WAFVIP-10.94.0.83,0
WAF-10.31.1.159,WAF-10.31.1.159,HOSTS,WAFVIP-10.94.0.24,0
WAF-10.31.1.159,WAF-10.31.1.159,HOSTS,WAFVIP-10.94.0.109,0
WAF-10.31.1.159,WAF-10.31.1.159,HOSTS,WAFVIP-10.94.2.7,0
WAF-10.31.1.159,WAF-10.31.1.159,HOSTS,WAFVIP-10.94.0.7,0
WAF-10.31.1.159,WAF-10.31.1.159,HOSTS,WAFVIP-10.94.0.56,0
WAF-10.31.1.159,WAF-10.31.1.159,HOSTS,WAFVIP-10.94.0.92,0
WAF-10.31.1.159,WAF-10.31.1.159,HOSTS,WAFVIP-10.94.0.47,0
WAF-10.31.1.159,WAF-10.31.1.159,HOSTS,WAFVIP-10.94.0.2,0
WAF-10.31.1.159,WAF-10.31.1.159,HOSTS,WAFVIP-10.94.0.2,0
WAF-10.31.1.159,WAF-10.31.1.159,HOSTS,WAFVIP-10.94.1.2,0
WAF-10.31.1.159,WAF-10.31.1.159,HOSTS,WAFVIP-10.94.0.116,0
WAF-10.31.1.159,WAF-10.31.1.159,HOSTS,WAFVIP-10.94.0.122,0
WAF-10.31.1.159,WAF-10.31.1.159,HOSTS,WAFVIP-10.94.0.128,0
WAF-10.31.1.159,WAF-10.31.1.159,HOSTS,WAFVIP-10.94.0.91,0
WAF-10.31.1.159,WAF-10.31.1.159,HOSTS,WAFVIP-10.94.0.112,0
WAF-10.31.1.159,WAF-10.31.1.159,HOSTS,WAFVIP-10.94.0.111,0
WAF-10.31.1.159,WAF-10.31.1.159,HOSTS,WAFVIP-10.94.0.72,0
WAF-10.31.1.159,WAF-10.31.1.159,HOSTS,WAFVIP-10.94.0.106,0
WAF-10.31.1.159,WAF-10.31.1.159,HOSTS,WAFVIP-10.94.0.105,0
WAF-10.31.1.159,WAF-10.31.1.159,HOSTS,WAFVIP-10.94.0.6,0
WAF-10.31.1.159,WAF-10.31.1.159,HOSTS,WAFVIP-10.94.0.107,0
WAF-10.31.6.135,WAF-10.31.6.135,HOSTS,WAFVIP-10.31.39.35,0
WAF-10.31.6.135,WAF-10.31.6.135,HOSTS,WAFVIP-10.31.39.7,0
WAF-10.31.6.135,WAF-10.31.6.135,HOSTS,WAFVIP-10.31.39.21,0
WAF-10.31.6.135,WAF-10.31.6.135,HOSTS,WAFVIP-10.31.39.8,0
WAF-10.31.6.135,WAF-10.31.6.135,HOSTS,WAFVIP-10.31.39.36,0
WAF-10.31.6.135,WAF-10.31.6.135,HOSTS,WAFVIP-10.31.39.40,0
WAF-10.31.6.135,WAF-10.31.6.135,HOSTS,WAFVIP-10.31.39.28,0
WAF-10.31.6.135,WAF-10.31.6.135,HOSTS,WAFVIP-10.31.39.14,0
WAF-10.31.6.135,WAF-10.31.6.135,HOSTS,WAFVIP-10.31.39.12,0
WAF-10.31.6.135,WAF-10.31.6.135,HOSTS,WAFVIP-10.31.39.13,0
WAF-10.31.6.135,WAF-10.31.6.135,HOSTS,WAFVIP-10.31.39.68,0
WAF-10.31.6.135,WAF-10.31.6.135,HOSTS,WAFVIP-10.31.39.16,0
WAF-10.31.6.135,WAF-10.31.6.135,HOSTS,WAFVIP-10.31.39.42,0
WAF-10.31.6.135,WAF-10.31.6.135,HOSTS,WAFVIP-10.31.39.29,0
WAF-10.31.6.135,WAF-10.31.6.135,HOSTS,WAFVIP-10.31.39.23,0
WAF-10.31.6.135,WAF-10.31.6.135,HOSTS,WAFVIP-10.31.39.19,0
WAF-10.31.6.135,WAF-10.31.6.135,HOSTS,WAFVIP-10.31.39.15,0
WAF-10.31.6.135,WAF-10.31.6.135,HOSTS,WAFVIP-10.31.39.41,0
WAF-10.31.6.135,WAF-10.31.6.135,HOSTS,WAFVIP-10.31.39.31,0
WAF-10.31.6.135,WAF-10.31.6.135,HOSTS,WAFVIP-10.31.39.27,0
WAF-10.31.6.135,WAF-10.31.6.135,HOSTS,WAFVIP-10.31.39.30,0
WAF-10.31.6.135,WAF-10.31.6.135,HOSTS,WAFVIP-10.31.39.6,0
WAF-10.31.6.135,WAF-10.31.6.135,HOSTS,WAFVIP-10.31.39.5,0
WAF-10.31.6.135,WAF-10.31.6.135,HOSTS,WAFVIP-10.31.39.52,0
WAF-10.31.6.135,WAF-10.31.6.135,HOSTS,WAFVIP-10.31.39.34,0
WAF-10.31.6.135,WAF-10.31.6.135,HOSTS,WAFVIP-10.31.39.17,0
WAF-10.31.6.135,WAF-10.31.6.135,HOSTS,WAFVIP-10.31.39.18,0
