CINUM,ASSETATTRID,ALNVALUE
F5VIP-10.19.100.75: 1812,FLOATINGSELFIP,10.19.100.74
F5VIP-10.19.100.75: 1812,CMDBPORT,1812
F5VIP-10.19.100.75: 1812,ACTIVESELFIP,10.19.100.73
F5VIP-10.19.100.75: 1812,STANDBYSELFIP,10.19.100.72
F5VIP-10.19.100.75: 1813,FLOATINGSELFIP,10.19.100.74
F5VIP-10.19.100.75: 1813,CMDBPORT,1813
F5VIP-10.19.100.75: 1813,ACTIVESELFIP,10.19.100.73
F5VIP-10.19.100.75: 1813,STANDBYSELFIP,10.19.100.72
F5VIP-10.19.100.75: 8888,FLOATINGSELFIP,10.19.100.74
F5VIP-10.19.100.75: 8888,CMDBPORT,8888
F5VIP-10.19.100.75: 8888,ACTIVESELFIP,10.19.100.73
F5VIP-10.19.100.75: 8888,STANDBYSELFIP,10.19.100.72
F5VIP-10.19.11.52: 443,FLOATINGSELFIP,10.19.11.254
F5VIP-10.19.11.52: 443,CMDBPORT,443
F5VIP-10.19.11.52: 443,ACTIVESELFIP,10.19.11.253
F5VIP-10.19.11.52: 443,STANDBYSELFIP,10.19.11.252
F5VIP-10.19.11.53: 443,FLOATINGSELFIP,10.19.11.254
F5VIP-10.19.11.53: 443,CMDBPORT,443
F5VIP-10.19.11.53: 443,ACTIVESELFIP,10.19.11.253
F5VIP-10.19.11.53: 443,STANDBYSELFIP,10.19.11.252
F5VIP-10.19.11.53: 80,FLOATINGSELFIP,10.19.11.254
F5VIP-10.19.11.53: 80,CMDBPORT,80
F5VIP-10.19.11.53: 80,ACTIVESELFIP,10.19.11.253
F5VIP-10.19.11.53: 80,STANDBYSELFIP,10.19.11.252
F5VIP-10.19.12.45: 80,FLOATINGSELFIP,10.19.12.229
F5VIP-10.19.12.45: 80,CMDBPORT,80
F5VIP-10.19.12.45: 80,ACTIVESELFIP,10.19.12.228
F5VIP-10.19.12.45: 80,STANDBYSELFIP,10.19.12.227
F5VIP-10.19.135.110: 443,FLOATINGSELFIP,10.19.135.111
F5VIP-10.19.135.110: 443,CMDBPORT,443
F5VIP-10.19.135.110: 443,ACTIVESELFIP,10.19.135.112
F5VIP-10.19.135.110: 443,STANDBYSELFIP,10.19.135.113
F5VIP-10.19.135.114: 443,FLOATINGSELFIP,10.19.135.111
F5VIP-10.19.135.114: 443,CMDBPORT,443
F5VIP-10.19.135.114: 443,ACTIVESELFIP,10.19.135.112
F5VIP-10.19.135.114: 443,STANDBYSELFIP,10.19.135.113
F5VIP-10.19.135.115: 443,FLOATINGSELFIP,10.19.135.111
F5VIP-10.19.135.115: 443,CMDBPORT,443
F5VIP-10.19.135.115: 443,ACTIVESELFIP,10.19.135.112
F5VIP-10.19.135.115: 443,STANDBYSELFIP,10.19.135.113
F5VIP-10.19.135.140: 443,FLOATINGSELFIP,10.19.135.141
F5VIP-10.19.135.140: 443,CMDBPORT,443
F5VIP-10.19.135.140: 443,ACTIVESELFIP,10.19.135.142
F5VIP-10.19.135.140: 443,STANDBYSELFIP,10.19.135.143
F5VIP-10.19.135.144: 443,FLOATINGSELFIP,10.19.135.141
F5VIP-10.19.135.144: 443,CMDBPORT,443
F5VIP-10.19.135.144: 443,ACTIVESELFIP,10.19.135.142
F5VIP-10.19.135.144: 443,STANDBYSELFIP,10.19.135.143
F5VIP-10.19.138.150: 80,FLOATINGSELFIP,10.19.138.155
F5VIP-10.19.138.150: 80,CMDBPORT,80
F5VIP-10.19.138.150: 80,ACTIVESELFIP,10.19.138.154
F5VIP-10.19.138.150: 80,STANDBYSELFIP,10.19.138.153
F5VIP-10.19.138.150: 8001,FLOATINGSELFIP,10.19.138.155
F5VIP-10.19.138.150: 8001,CMDBPORT,8001
F5VIP-10.19.138.150: 8001,ACTIVESELFIP,10.19.138.154
F5VIP-10.19.138.150: 8001,STANDBYSELFIP,10.19.138.153
F5VIP-10.19.139.12: 80,FLOATINGSELFIP,10.19.139.14
F5VIP-10.19.139.12: 80,CMDBPORT,80
F5VIP-10.19.139.12: 80,ACTIVESELFIP,10.19.139.7
F5VIP-10.19.139.12: 80,STANDBYSELFIP,10.19.139.13
F5VIP-10.19.139.148: 443,FLOATINGSELFIP,10.19.139.151
F5VIP-10.19.139.148: 443,CMDBPORT,443
F5VIP-10.19.139.148: 443,ACTIVESELFIP,10.19.139.149
F5VIP-10.19.139.148: 443,STANDBYSELFIP,10.19.139.150
F5VIP-10.19.139.25: 80,FLOATINGSELFIP,10.19.139.24
F5VIP-10.19.139.25: 80,CMDBPORT,80
F5VIP-10.19.139.25: 80,ACTIVESELFIP,10.19.139.23
F5VIP-10.19.139.25: 80,STANDBYSELFIP,10.19.139.22
F5VIP-10.19.139.25: 8080,FLOATINGSELFIP,10.19.139.24
F5VIP-10.19.139.25: 8080,CMDBPORT,8080
F5VIP-10.19.139.25: 8080,ACTIVESELFIP,10.19.139.23
F5VIP-10.19.139.25: 8080,STANDBYSELFIP,10.19.139.22
F5VIP-10.19.139.25: 90,FLOATINGSELFIP,10.19.139.24
F5VIP-10.19.139.25: 90,CMDBPORT,90
F5VIP-10.19.139.25: 90,ACTIVESELFIP,10.19.139.23
F5VIP-10.19.139.25: 90,STANDBYSELFIP,10.19.139.22
F5VIP-10.19.139.25: 9090,FLOATINGSELFIP,10.19.139.24
F5VIP-10.19.139.25: 9090,CMDBPORT,9090
F5VIP-10.19.139.25: 9090,ACTIVESELFIP,10.19.139.23
F5VIP-10.19.139.25: 9090,STANDBYSELFIP,10.19.139.22
F5VIP-10.19.142.139: 8003,FLOATINGSELFIP,10.19.142.142
F5VIP-10.19.142.139: 8003,CMDBPORT,8003
F5VIP-10.19.142.139: 8003,ACTIVESELFIP,10.19.142.141
F5VIP-10.19.142.139: 8003,STANDBYSELFIP,10.19.142.140
F5VIP-10.19.144.150: 8012,FLOATINGSELFIP,10.19.144.153
F5VIP-10.19.144.150: 8012,CMDBPORT,8012
F5VIP-10.19.144.150: 8012,ACTIVESELFIP,10.19.144.152
F5VIP-10.19.144.150: 8012,STANDBYSELFIP,10.19.144.151
F5VIP-10.19.151.120: 25,FLOATINGSELFIP,10.19.151.32
F5VIP-10.19.151.120: 25,CMDBPORT,25
F5VIP-10.19.151.120: 25,ACTIVESELFIP,10.19.151.31
F5VIP-10.19.151.120: 25,STANDBYSELFIP,10.19.151.30
F5VIP-10.19.151.35: 110,FLOATINGSELFIP,10.19.151.32
F5VIP-10.19.151.35: 110,CMDBPORT,110
F5VIP-10.19.151.35: 110,ACTIVESELFIP,10.19.151.31
F5VIP-10.19.151.35: 110,STANDBYSELFIP,10.19.151.30
F5VIP-10.19.151.35: 993,FLOATINGSELFIP,10.19.151.32
F5VIP-10.19.151.35: 993,CMDBPORT,993
F5VIP-10.19.151.35: 993,ACTIVESELFIP,10.19.151.31
F5VIP-10.19.151.35: 993,STANDBYSELFIP,10.19.151.30
F5VIP-10.19.151.35: 995,FLOATINGSELFIP,10.19.151.32
F5VIP-10.19.151.35: 995,CMDBPORT,995
F5VIP-10.19.151.35: 995,ACTIVESELFIP,10.19.151.31
F5VIP-10.19.151.35: 995,STANDBYSELFIP,10.19.151.30
F5VIP-10.19.151.60: 110,FLOATINGSELFIP,10.19.151.32
F5VIP-10.19.151.60: 110,CMDBPORT,110
F5VIP-10.19.151.60: 110,ACTIVESELFIP,10.19.151.31
F5VIP-10.19.151.60: 110,STANDBYSELFIP,10.19.151.30
F5VIP-10.19.151.60: 143,FLOATINGSELFIP,10.19.151.32
F5VIP-10.19.151.60: 143,CMDBPORT,143
F5VIP-10.19.151.60: 143,ACTIVESELFIP,10.19.151.31
F5VIP-10.19.151.60: 143,STANDBYSELFIP,10.19.151.30
F5VIP-10.19.151.60: 993,FLOATINGSELFIP,10.19.151.32
F5VIP-10.19.151.60: 993,CMDBPORT,993
F5VIP-10.19.151.60: 993,ACTIVESELFIP,10.19.151.31
F5VIP-10.19.151.60: 993,STANDBYSELFIP,10.19.151.30
F5VIP-10.19.151.60: 995,FLOATINGSELFIP,10.19.151.32
F5VIP-10.19.151.60: 995,CMDBPORT,995
F5VIP-10.19.151.60: 995,ACTIVESELFIP,10.19.151.31
F5VIP-10.19.151.60: 995,STANDBYSELFIP,10.19.151.30
F5VIP-10.19.17.196: 443,FLOATINGSELFIP,10.19.17.199
F5VIP-10.19.17.196: 443,CMDBPORT,443
F5VIP-10.19.17.196: 443,ACTIVESELFIP,10.19.17.198
F5VIP-10.19.17.196: 443,STANDBYSELFIP,10.19.17.197
F5VIP-10.19.17.228: 443,FLOATINGSELFIP,10.19.17.229
F5VIP-10.19.17.228: 443,CMDBPORT,443
F5VIP-10.19.17.228: 443,ACTIVESELFIP,10.19.17.230
F5VIP-10.19.17.228: 443,STANDBYSELFIP,10.19.17.231
F5VIP-10.19.17.228: 8443,FLOATINGSELFIP,10.19.17.229
F5VIP-10.19.17.228: 8443,CMDBPORT,8443
F5VIP-10.19.17.228: 8443,ACTIVESELFIP,10.19.17.230
F5VIP-10.19.17.228: 8443,STANDBYSELFIP,10.19.17.231
F5VIP-10.19.172.36: 443,FLOATINGSELFIP,10.19.172.40
F5VIP-10.19.172.36: 443,CMDBPORT,443
F5VIP-10.19.172.36: 443,ACTIVESELFIP,10.19.172.38
F5VIP-10.19.172.36: 443,STANDBYSELFIP,10.19.172.37
F5VIP-10.19.172.7: 443,FLOATINGSELFIP,10.19.172.6
F5VIP-10.19.172.7: 443,CMDBPORT,443
F5VIP-10.19.172.7: 443,ACTIVESELFIP,10.19.172.4
F5VIP-10.19.172.7: 443,STANDBYSELFIP,10.19.172.5
F5VIP-10.19.172.71: 443,FLOATINGSELFIP,10.19.172.70
F5VIP-10.19.172.71: 443,CMDBPORT,443
F5VIP-10.19.172.71: 443,ACTIVESELFIP,10.19.172.68
F5VIP-10.19.172.71: 443,STANDBYSELFIP,10.19.172.69
F5VIP-10.19.186.59: 443,FLOATINGSELFIP,10.19.186.54
F5VIP-10.19.186.59: 443,CMDBPORT,443
F5VIP-10.19.186.59: 443,ACTIVESELFIP,10.19.186.53
F5VIP-10.19.186.59: 443,STANDBYSELFIP,10.19.186.54
F5VIP-10.19.187.136: 443,FLOATINGSELFIP,10.19.187.145
F5VIP-10.19.187.136: 443,CMDBPORT,443
F5VIP-10.19.187.136: 443,ACTIVESELFIP,10.19.187.146
F5VIP-10.19.187.136: 443,STANDBYSELFIP,10.19.187.147
F5VIP-10.19.187.137: 443,FLOATINGSELFIP,10.19.187.145
F5VIP-10.19.187.137: 443,CMDBPORT,443
F5VIP-10.19.187.137: 443,ACTIVESELFIP,10.19.187.146
F5VIP-10.19.187.137: 443,STANDBYSELFIP,10.19.187.147
F5VIP-10.19.187.138: 443,FLOATINGSELFIP,10.19.187.145
F5VIP-10.19.187.138: 443,CMDBPORT,443
F5VIP-10.19.187.138: 443,ACTIVESELFIP,10.19.187.146
F5VIP-10.19.187.138: 443,STANDBYSELFIP,10.19.187.147
F5VIP-10.19.187.198: 443,FLOATINGSELFIP,10.19.187.200
F5VIP-10.19.187.198: 443,CMDBPORT,443
F5VIP-10.19.187.198: 443,ACTIVESELFIP,10.19.187.201
F5VIP-10.19.187.198: 443,STANDBYSELFIP,10.19.187.200
F5VIP-10.19.187.198: 444,FLOATINGSELFIP,10.19.187.200
F5VIP-10.19.187.198: 444,CMDBPORT,444
F5VIP-10.19.187.198: 444,ACTIVESELFIP,10.19.187.201
F5VIP-10.19.187.198: 444,STANDBYSELFIP,10.19.187.200
F5VIP-10.19.187.199: 443,FLOATINGSELFIP,10.19.187.200
F5VIP-10.19.187.199: 443,CMDBPORT,443
F5VIP-10.19.187.199: 443,ACTIVESELFIP,10.19.187.201
F5VIP-10.19.187.199: 443,STANDBYSELFIP,10.19.187.200
F5VIP-10.19.191.210: 4040,FLOATINGSELFIP,10.19.191.197
F5VIP-10.19.191.210: 4040,CMDBPORT,4040
F5VIP-10.19.191.210: 4040,ACTIVESELFIP,10.19.191.196
F5VIP-10.19.191.210: 4040,STANDBYSELFIP,10.19.191.195
F5VIP-10.19.191.210: 443,FLOATINGSELFIP,10.19.191.197
F5VIP-10.19.191.210: 443,CMDBPORT,443
F5VIP-10.19.191.210: 443,ACTIVESELFIP,10.19.191.196
F5VIP-10.19.191.210: 443,STANDBYSELFIP,10.19.191.195
F5VIP-10.19.191.210: 80,FLOATINGSELFIP,10.19.191.197
F5VIP-10.19.191.210: 80,CMDBPORT,80
F5VIP-10.19.191.210: 80,ACTIVESELFIP,10.19.191.196
F5VIP-10.19.191.210: 80,STANDBYSELFIP,10.19.191.195
F5VIP-10.19.192.145: 8080,FLOATINGSELFIP,10.19.192.144
F5VIP-10.19.192.145: 8080,CMDBPORT,8080
F5VIP-10.19.192.145: 8080,ACTIVESELFIP,10.19.192.143
F5VIP-10.19.192.145: 8080,STANDBYSELFIP,10.19.192.142
F5VIP-10.19.193.10: 443,FLOATINGSELFIP,10.19.193.13
F5VIP-10.19.193.10: 443,CMDBPORT,443
F5VIP-10.19.193.10: 443,ACTIVESELFIP,10.19.193.14
F5VIP-10.19.193.10: 443,STANDBYSELFIP,10.19.193.12
F5VIP-10.19.193.10: 80,FLOATINGSELFIP,10.19.193.13
F5VIP-10.19.193.10: 80,CMDBPORT,80
F5VIP-10.19.193.10: 80,ACTIVESELFIP,10.19.193.14
F5VIP-10.19.193.10: 80,STANDBYSELFIP,10.19.193.12
F5VIP-10.19.193.10: 8098,FLOATINGSELFIP,10.19.193.13
F5VIP-10.19.193.10: 8098,CMDBPORT,8098
F5VIP-10.19.193.10: 8098,ACTIVESELFIP,10.19.193.14
F5VIP-10.19.193.10: 8098,STANDBYSELFIP,10.19.193.12
F5VIP-10.19.193.10: 8125,FLOATINGSELFIP,10.19.193.13
F5VIP-10.19.193.10: 8125,CMDBPORT,8125
F5VIP-10.19.193.10: 8125,ACTIVESELFIP,10.19.193.14
F5VIP-10.19.193.10: 8125,STANDBYSELFIP,10.19.193.12
F5VIP-10.19.194.200: 80,FLOATINGSELFIP,10.19.194.197
F5VIP-10.19.194.200: 80,CMDBPORT,80
F5VIP-10.19.194.200: 80,ACTIVESELFIP,10.19.194.196
F5VIP-10.19.194.200: 80,STANDBYSELFIP,10.19.194.195
F5VIP-10.19.195.175: 13080,FLOATINGSELFIP,10.19.195.189
F5VIP-10.19.195.175: 13080,CMDBPORT,13080
F5VIP-10.19.195.175: 13080,ACTIVESELFIP,10.19.195.190
F5VIP-10.19.195.175: 13080,STANDBYSELFIP,10.19.195.188
F5VIP-10.19.20.103: 443,FLOATINGSELFIP,10.19.20.102
F5VIP-10.19.20.103: 443,CMDBPORT,443
F5VIP-10.19.20.103: 443,ACTIVESELFIP,10.19.20.100
F5VIP-10.19.20.103: 443,STANDBYSELFIP,10.19.20.101
F5VIP-10.19.20.13: 443,FLOATINGSELFIP,10.19.20.2
F5VIP-10.19.20.13: 443,CMDBPORT,443
F5VIP-10.19.20.13: 443,ACTIVESELFIP,10.19.20.3
F5VIP-10.19.20.13: 443,STANDBYSELFIP,10.19.20.4
F5VIP-10.19.20.13: 8443,FLOATINGSELFIP,10.19.20.2
F5VIP-10.19.20.13: 8443,CMDBPORT,8443
F5VIP-10.19.20.13: 8443,ACTIVESELFIP,10.19.20.3
F5VIP-10.19.20.13: 8443,STANDBYSELFIP,10.19.20.4
F5VIP-10.19.20.41: 443,FLOATINGSELFIP,10.19.20.40
F5VIP-10.19.20.41: 443,CMDBPORT,443
F5VIP-10.19.20.41: 443,ACTIVESELFIP,10.19.20.42
F5VIP-10.19.20.41: 443,STANDBYSELFIP,10.19.20.39
F5VIP-10.19.20.41: 8443,FLOATINGSELFIP,10.19.20.40
F5VIP-10.19.20.41: 8443,CMDBPORT,8443
F5VIP-10.19.20.41: 8443,ACTIVESELFIP,10.19.20.42
F5VIP-10.19.20.41: 8443,STANDBYSELFIP,10.19.20.39
F5VIP-10.19.20.69: 443,FLOATINGSELFIP,10.19.20.77
F5VIP-10.19.20.69: 443,CMDBPORT,443
F5VIP-10.19.20.69: 443,ACTIVESELFIP,10.19.20.75
F5VIP-10.19.20.69: 443,STANDBYSELFIP,10.19.20.76
F5VIP-10.19.23.50: 443,FLOATINGSELFIP,10.19.23.56
F5VIP-10.19.23.50: 443,CMDBPORT,443
F5VIP-10.19.23.50: 443,ACTIVESELFIP,10.19.23.57
F5VIP-10.19.23.50: 443,STANDBYSELFIP,10.19.23.55
F5VIP-10.19.23.50: 80,FLOATINGSELFIP,10.19.23.56
F5VIP-10.19.23.50: 80,CMDBPORT,80
F5VIP-10.19.23.50: 80,ACTIVESELFIP,10.19.23.57
F5VIP-10.19.23.50: 80,STANDBYSELFIP,10.19.23.55
F5VIP-10.19.245.104: 443,FLOATINGSELFIP,10.19.245.106
F5VIP-10.19.245.104: 443,CMDBPORT,443
F5VIP-10.19.245.104: 443,ACTIVESELFIP,10.19.245.105
F5VIP-10.19.245.104: 443,STANDBYSELFIP,10.19.245.102
F5VIP-10.19.245.230: 443,FLOATINGSELFIP,10.19.245.229
F5VIP-10.19.245.230: 443,CMDBPORT,443
F5VIP-10.19.245.230: 443,ACTIVESELFIP,10.19.245.231
F5VIP-10.19.245.230: 443,STANDBYSELFIP,10.19.245.232
F5VIP-10.19.245.230: 8443,FLOATINGSELFIP,10.19.245.229
F5VIP-10.19.245.230: 8443,CMDBPORT,8443
F5VIP-10.19.245.230: 8443,ACTIVESELFIP,10.19.245.231
F5VIP-10.19.245.230: 8443,STANDBYSELFIP,10.19.245.232
F5VIP-10.19.245.24: 443,FLOATINGSELFIP,10.19.245.27
F5VIP-10.19.245.24: 443,CMDBPORT,443
F5VIP-10.19.245.24: 443,ACTIVESELFIP,10.19.245.25
F5VIP-10.19.245.24: 443,STANDBYSELFIP,10.19.245.26
F5VIP-10.19.245.50: 443,FLOATINGSELFIP,10.19.245.57
F5VIP-10.19.245.50: 443,CMDBPORT,443
F5VIP-10.19.245.50: 443,ACTIVESELFIP,10.19.245.55
F5VIP-10.19.245.50: 443,STANDBYSELFIP,10.19.245.56
F5VIP-10.19.245.70: 12920,FLOATINGSELFIP,10.19.245.68
F5VIP-10.19.245.70: 12920,CMDBPORT,12920
F5VIP-10.19.245.70: 12920,ACTIVESELFIP,10.19.245.67
F5VIP-10.19.245.70: 12920,STANDBYSELFIP,10.19.245.66
F5VIP-10.19.245.70: 443,FLOATINGSELFIP,10.19.245.68
F5VIP-10.19.245.70: 443,CMDBPORT,443
F5VIP-10.19.245.70: 443,ACTIVESELFIP,10.19.245.67
F5VIP-10.19.245.70: 443,STANDBYSELFIP,10.19.245.66
F5VIP-10.19.245.70: 7443,FLOATINGSELFIP,10.19.245.68
F5VIP-10.19.245.70: 7443,CMDBPORT,7443
F5VIP-10.19.245.70: 7443,ACTIVESELFIP,10.19.245.67
F5VIP-10.19.245.70: 7443,STANDBYSELFIP,10.19.245.66
F5VIP-10.19.245.70: 8443,FLOATINGSELFIP,10.19.245.68
F5VIP-10.19.245.70: 8443,CMDBPORT,8443
F5VIP-10.19.245.70: 8443,ACTIVESELFIP,10.19.245.67
F5VIP-10.19.245.70: 8443,STANDBYSELFIP,10.19.245.66
F5VIP-10.19.245.70: 9443,FLOATINGSELFIP,10.19.245.68
F5VIP-10.19.245.70: 9443,CMDBPORT,9443
F5VIP-10.19.245.70: 9443,ACTIVESELFIP,10.19.245.67
F5VIP-10.19.245.70: 9443,STANDBYSELFIP,10.19.245.66
F5VIP-10.19.246.105: 443,FLOATINGSELFIP,10.19.246.104
F5VIP-10.19.246.105: 443,CMDBPORT,443
F5VIP-10.19.246.105: 443,ACTIVESELFIP,10.19.246.103
F5VIP-10.19.246.105: 443,STANDBYSELFIP,10.19.246.102
F5VIP-10.19.246.132: 443,FLOATINGSELFIP,10.19.246.141
F5VIP-10.19.246.132: 443,CMDBPORT,443
F5VIP-10.19.246.132: 443,ACTIVESELFIP,10.19.246.140
F5VIP-10.19.246.132: 443,STANDBYSELFIP,10.19.246.142
F5VIP-10.19.246.148: 443,FLOATINGSELFIP,10.19.246.156
F5VIP-10.19.246.148: 443,CMDBPORT,443
F5VIP-10.19.246.148: 443,ACTIVESELFIP,10.19.246.158
F5VIP-10.19.246.148: 443,STANDBYSELFIP,10.19.246.157
F5VIP-10.19.246.148: 80,FLOATINGSELFIP,10.19.246.156
F5VIP-10.19.246.148: 80,CMDBPORT,80
F5VIP-10.19.246.148: 80,ACTIVESELFIP,10.19.246.158
F5VIP-10.19.246.148: 80,STANDBYSELFIP,10.19.246.157
F5VIP-10.19.246.180: 443,FLOATINGSELFIP,10.19.246.181
F5VIP-10.19.246.180: 443,CMDBPORT,443
F5VIP-10.19.246.180: 443,ACTIVESELFIP,10.19.246.183
F5VIP-10.19.246.180: 443,STANDBYSELFIP,10.19.246.182
F5VIP-10.19.247.7: 773,FLOATINGSELFIP,10.19.247.10
F5VIP-10.19.247.7: 773,CMDBPORT,773
F5VIP-10.19.247.7: 773,ACTIVESELFIP,10.19.247.9
F5VIP-10.19.247.7: 773,STANDBYSELFIP,10.19.247.8
F5VIP-10.19.247.7: 80,FLOATINGSELFIP,10.19.247.10
F5VIP-10.19.247.7: 80,CMDBPORT,80
F5VIP-10.19.247.7: 80,ACTIVESELFIP,10.19.247.9
F5VIP-10.19.247.7: 80,STANDBYSELFIP,10.19.247.8
F5VIP-10.19.248.116: 443,FLOATINGSELFIP,10.19.248.119
F5VIP-10.19.248.116: 443,CMDBPORT,443
F5VIP-10.19.248.116: 443,ACTIVESELFIP,10.19.248.117
F5VIP-10.19.248.116: 443,STANDBYSELFIP,10.19.248.118
F5VIP-10.19.248.132: 443,FLOATINGSELFIP,10.19.248.137
F5VIP-10.19.248.132: 443,CMDBPORT,443
F5VIP-10.19.248.132: 443,ACTIVESELFIP,10.19.248.135
F5VIP-10.19.248.132: 443,STANDBYSELFIP,10.19.248.136
F5VIP-10.19.248.148: 443,FLOATINGSELFIP,10.19.248.152
F5VIP-10.19.248.148: 443,CMDBPORT,443
F5VIP-10.19.248.148: 443,ACTIVESELFIP,10.19.248.150
F5VIP-10.19.248.148: 443,STANDBYSELFIP,10.19.248.151
F5VIP-10.19.248.196: 443,FLOATINGSELFIP,10.19.248.199
F5VIP-10.19.248.196: 443,CMDBPORT,443
F5VIP-10.19.248.196: 443,ACTIVESELFIP,10.19.248.197
F5VIP-10.19.248.196: 443,STANDBYSELFIP,10.19.248.198
F5VIP-10.19.248.212: 443,FLOATINGSELFIP,10.19.248.215
F5VIP-10.19.248.212: 443,CMDBPORT,443
F5VIP-10.19.248.212: 443,ACTIVESELFIP,10.19.248.213
F5VIP-10.19.248.212: 443,STANDBYSELFIP,10.19.248.214
F5VIP-10.19.248.68: 443,FLOATINGSELFIP,10.19.248.70
F5VIP-10.19.248.68: 443,CMDBPORT,443
F5VIP-10.19.248.68: 443,ACTIVESELFIP,10.19.248.71
F5VIP-10.19.248.68: 443,STANDBYSELFIP,10.19.248.69
F5VIP-10.19.248.68: 80,FLOATINGSELFIP,10.19.248.70
F5VIP-10.19.248.68: 80,CMDBPORT,80
F5VIP-10.19.248.68: 80,ACTIVESELFIP,10.19.248.71
F5VIP-10.19.248.68: 80,STANDBYSELFIP,10.19.248.69
F5VIP-10.19.248.87: 443,FLOATINGSELFIP,10.19.248.86
F5VIP-10.19.248.87: 443,CMDBPORT,443
F5VIP-10.19.248.87: 443,ACTIVESELFIP,10.19.248.85
F5VIP-10.19.248.87: 443,STANDBYSELFIP,10.19.248.84
F5VIP-10.19.249.12: 443,FLOATINGSELFIP,10.19.249.28
F5VIP-10.19.249.12: 443,CMDBPORT,443
F5VIP-10.19.249.12: 443,ACTIVESELFIP,10.19.249.30
F5VIP-10.19.249.12: 443,STANDBYSELFIP,10.19.249.29
F5VIP-10.19.249.12: 7891,FLOATINGSELFIP,10.19.249.28
F5VIP-10.19.249.12: 7891,CMDBPORT,7891
F5VIP-10.19.249.12: 7891,ACTIVESELFIP,10.19.249.30
F5VIP-10.19.249.12: 7891,STANDBYSELFIP,10.19.249.29
F5VIP-10.19.249.164: 443,FLOATINGSELFIP,10.19.249.165
F5VIP-10.19.249.164: 443,CMDBPORT,443
F5VIP-10.19.249.164: 443,ACTIVESELFIP,10.19.249.166
F5VIP-10.19.249.164: 443,STANDBYSELFIP,10.19.249.167
F5VIP-10.19.249.17: 443,FLOATINGSELFIP,10.19.249.28
F5VIP-10.19.249.17: 443,FLOATINGSELFIP,10.19.249.28
F5VIP-10.19.249.17: 443,FLOATINGSELFIP,10.19.249.28
F5VIP-10.19.249.17: 443,CMDBPORT,443
F5VIP-10.19.249.17: 443,CMDBPORT,443
F5VIP-10.19.249.17: 443,CMDBPORT,443
F5VIP-10.19.249.17: 443,ACTIVESELFIP,10.19.249.30
F5VIP-10.19.249.17: 443,ACTIVESELFIP,10.19.249.30
F5VIP-10.19.249.17: 443,ACTIVESELFIP,10.19.249.30
F5VIP-10.19.249.17: 443,STANDBYSELFIP,10.19.249.29
F5VIP-10.19.249.17: 443,STANDBYSELFIP,10.19.249.29
F5VIP-10.19.249.17: 443,STANDBYSELFIP,10.19.249.29
F5VIP-10.19.249.17: 7891,FLOATINGSELFIP,10.19.249.28
F5VIP-10.19.249.17: 7891,CMDBPORT,7891
F5VIP-10.19.249.17: 7891,ACTIVESELFIP,10.19.249.30
F5VIP-10.19.249.17: 7891,STANDBYSELFIP,10.19.249.29
F5VIP-10.19.249.232: 80,FLOATINGSELFIP,10.19.249.231
F5VIP-10.19.249.232: 80,CMDBPORT,80
F5VIP-10.19.249.232: 80,ACTIVESELFIP,10.19.249.229
F5VIP-10.19.249.232: 80,STANDBYSELFIP,10.19.249.230
F5VIP-10.19.249.243: 443,FLOATINGSELFIP,10.19.249.247
F5VIP-10.19.249.243: 443,CMDBPORT,443
F5VIP-10.19.249.243: 443,ACTIVESELFIP,10.19.249.248
F5VIP-10.19.249.243: 443,STANDBYSELFIP,10.19.249.246
F5VIP-10.19.249.243: 8443,FLOATINGSELFIP,10.19.249.247
F5VIP-10.19.249.243: 8443,CMDBPORT,8443
F5VIP-10.19.249.243: 8443,ACTIVESELFIP,10.19.249.248
F5VIP-10.19.249.243: 8443,STANDBYSELFIP,10.19.249.246
F5VIP-10.19.249.243: 8787,FLOATINGSELFIP,10.19.249.247
F5VIP-10.19.249.243: 8787,CMDBPORT,8787
F5VIP-10.19.249.243: 8787,ACTIVESELFIP,10.19.249.248
F5VIP-10.19.249.243: 8787,STANDBYSELFIP,10.19.249.246
F5VIP-10.19.249.243: 9002,FLOATINGSELFIP,10.19.249.247
F5VIP-10.19.249.243: 9002,CMDBPORT,9002
F5VIP-10.19.249.243: 9002,ACTIVESELFIP,10.19.249.248
F5VIP-10.19.249.243: 9002,STANDBYSELFIP,10.19.249.246
F5VIP-10.19.25.112: 443,FLOATINGSELFIP,10.19.25.93
F5VIP-10.19.25.112: 443,CMDBPORT,443
F5VIP-10.19.25.112: 443,ACTIVESELFIP,10.19.25.91
F5VIP-10.19.25.112: 443,STANDBYSELFIP,10.19.25.92
F5VIP-10.19.25.112: 80,FLOATINGSELFIP,10.19.25.93
F5VIP-10.19.25.112: 80,CMDBPORT,80
F5VIP-10.19.25.112: 80,ACTIVESELFIP,10.19.25.91
F5VIP-10.19.25.112: 80,STANDBYSELFIP,10.19.25.92
F5VIP-10.19.25.137: 10090,FLOATINGSELFIP,10.19.25.139
F5VIP-10.19.25.137: 10090,CMDBPORT,10090
F5VIP-10.19.25.137: 10090,ACTIVESELFIP,10.19.25.141
F5VIP-10.19.25.137: 10090,STANDBYSELFIP,10.19.25.138
F5VIP-10.19.25.137: 443,FLOATINGSELFIP,10.19.25.139
F5VIP-10.19.25.137: 443,CMDBPORT,443
F5VIP-10.19.25.137: 443,ACTIVESELFIP,10.19.25.141
F5VIP-10.19.25.137: 443,STANDBYSELFIP,10.19.25.138
F5VIP-10.19.25.199: 22623,FLOATINGSELFIP,10.19.25.215
F5VIP-10.19.25.199: 22623,CMDBPORT,22623
F5VIP-10.19.25.199: 22623,ACTIVESELFIP,10.19.25.213
F5VIP-10.19.25.199: 22623,STANDBYSELFIP,10.19.25.214
F5VIP-10.19.25.199: 6443,FLOATINGSELFIP,10.19.25.215
F5VIP-10.19.25.199: 6443,CMDBPORT,6443
F5VIP-10.19.25.199: 6443,ACTIVESELFIP,10.19.25.213
F5VIP-10.19.25.199: 6443,STANDBYSELFIP,10.19.25.214
F5VIP-10.19.25.200: 443,FLOATINGSELFIP,10.19.25.215
F5VIP-10.19.25.200: 443,CMDBPORT,443
F5VIP-10.19.25.200: 443,ACTIVESELFIP,10.19.25.213
F5VIP-10.19.25.200: 443,STANDBYSELFIP,10.19.25.214
F5VIP-10.19.25.200: 80,FLOATINGSELFIP,10.19.25.215
F5VIP-10.19.25.200: 80,CMDBPORT,80
F5VIP-10.19.25.200: 80,ACTIVESELFIP,10.19.25.213
F5VIP-10.19.25.200: 80,STANDBYSELFIP,10.19.25.214
F5VIP-10.19.25.212: 443,FLOATINGSELFIP,10.19.25.215
F5VIP-10.19.25.212: 443,CMDBPORT,443
F5VIP-10.19.25.212: 443,ACTIVESELFIP,10.19.25.213
F5VIP-10.19.25.212: 443,STANDBYSELFIP,10.19.25.214
F5VIP-10.19.25.212: 80,FLOATINGSELFIP,10.19.25.215
F5VIP-10.19.25.212: 80,CMDBPORT,80
F5VIP-10.19.25.212: 80,ACTIVESELFIP,10.19.25.213
F5VIP-10.19.25.212: 80,STANDBYSELFIP,10.19.25.214
F5VIP-10.19.25.69: 22623,FLOATINGSELFIP,10.19.25.93
F5VIP-10.19.25.69: 22623,CMDBPORT,22623
F5VIP-10.19.25.69: 22623,ACTIVESELFIP,10.19.25.91
F5VIP-10.19.25.69: 22623,STANDBYSELFIP,10.19.25.92
F5VIP-10.19.25.69: 6443,FLOATINGSELFIP,10.19.25.93
F5VIP-10.19.25.69: 6443,CMDBPORT,6443
F5VIP-10.19.25.69: 6443,ACTIVESELFIP,10.19.25.91
F5VIP-10.19.25.69: 6443,STANDBYSELFIP,10.19.25.92
F5VIP-10.19.25.70: 443,FLOATINGSELFIP,10.19.25.93
F5VIP-10.19.25.70: 443,CMDBPORT,443
F5VIP-10.19.25.70: 443,ACTIVESELFIP,10.19.25.91
F5VIP-10.19.25.70: 443,STANDBYSELFIP,10.19.25.92
F5VIP-10.19.25.70: 80,FLOATINGSELFIP,10.19.25.93
F5VIP-10.19.25.70: 80,CMDBPORT,80
F5VIP-10.19.25.70: 80,ACTIVESELFIP,10.19.25.91
F5VIP-10.19.25.70: 80,STANDBYSELFIP,10.19.25.92
F5VIP-10.19.250.14: 443,FLOATINGSELFIP,10.19.250.7
F5VIP-10.19.250.14: 443,CMDBPORT,443
F5VIP-10.19.250.14: 443,ACTIVESELFIP,10.19.250.9
F5VIP-10.19.250.14: 443,STANDBYSELFIP,10.19.250.8
F5VIP-10.19.250.14: 80,FLOATINGSELFIP,10.19.250.7
F5VIP-10.19.250.14: 80,CMDBPORT,80
F5VIP-10.19.250.14: 80,ACTIVESELFIP,10.19.250.9
F5VIP-10.19.250.14: 80,STANDBYSELFIP,10.19.250.8
F5VIP-10.19.251.102: 443,FLOATINGSELFIP,10.19.251.99
F5VIP-10.19.251.102: 443,CMDBPORT,443
F5VIP-10.19.251.102: 443,ACTIVESELFIP,10.19.251.98
F5VIP-10.19.251.102: 443,STANDBYSELFIP,10.19.251.103
F5VIP-10.19.251.102: 80,FLOATINGSELFIP,10.19.251.99
F5VIP-10.19.251.102: 80,CMDBPORT,80
F5VIP-10.19.251.102: 80,ACTIVESELFIP,10.19.251.98
F5VIP-10.19.251.102: 80,STANDBYSELFIP,10.19.251.103
F5VIP-10.19.251.114: 443,FLOATINGSELFIP,10.19.251.125
F5VIP-10.19.251.114: 443,CMDBPORT,443
F5VIP-10.19.251.114: 443,ACTIVESELFIP,10.19.251.124
F5VIP-10.19.251.114: 443,STANDBYSELFIP,10.19.251.123
F5VIP-10.19.251.14: 443,FLOATINGSELFIP,10.19.251.28
F5VIP-10.19.251.14: 443,CMDBPORT,443
F5VIP-10.19.251.14: 443,ACTIVESELFIP,10.19.251.30
F5VIP-10.19.251.14: 443,STANDBYSELFIP,10.19.251.29
F5VIP-10.19.251.14: 80,FLOATINGSELFIP,10.19.251.28
F5VIP-10.19.251.14: 80,CMDBPORT,80
F5VIP-10.19.251.14: 80,ACTIVESELFIP,10.19.251.30
F5VIP-10.19.251.14: 80,STANDBYSELFIP,10.19.251.29
F5VIP-10.19.251.170: 80,FLOATINGSELFIP,10.19.251.169
F5VIP-10.19.251.170: 80,CMDBPORT,80
F5VIP-10.19.251.170: 80,ACTIVESELFIP,10.19.251.168
F5VIP-10.19.251.170: 80,STANDBYSELFIP,10.19.251.167
F5VIP-10.19.252.202: 443,FLOATINGSELFIP,10.19.252.196
F5VIP-10.19.252.202: 443,CMDBPORT,443
F5VIP-10.19.252.202: 443,ACTIVESELFIP,10.19.252.195
F5VIP-10.19.252.202: 443,STANDBYSELFIP,10.19.252.194
F5VIP-10.19.252.202: 80,FLOATINGSELFIP,10.19.252.196
F5VIP-10.19.252.202: 80,CMDBPORT,80
F5VIP-10.19.252.202: 80,ACTIVESELFIP,10.19.252.195
F5VIP-10.19.252.202: 80,STANDBYSELFIP,10.19.252.194
F5VIP-10.19.253.245: 443,FLOATINGSELFIP,10.19.253.229
F5VIP-10.19.253.245: 443,CMDBPORT,443
F5VIP-10.19.253.245: 443,ACTIVESELFIP,10.19.253.228
F5VIP-10.19.253.245: 443,STANDBYSELFIP,10.19.253.227
F5VIP-10.19.253.40: 80,FLOATINGSELFIP,10.19.253.45
F5VIP-10.19.253.40: 80,CMDBPORT,80
F5VIP-10.19.253.40: 80,ACTIVESELFIP,10.19.253.44
F5VIP-10.19.253.40: 80,STANDBYSELFIP,10.19.253.43
F5VIP-10.19.254.25: 25,FLOATINGSELFIP,10.19.254.29
F5VIP-10.19.254.25: 25,CMDBPORT,25
F5VIP-10.19.254.25: 25,ACTIVESELFIP,10.19.254.4
F5VIP-10.19.254.25: 25,STANDBYSELFIP,10.19.254.28
F5VIP-10.19.254.30: 25,FLOATINGSELFIP,10.19.254.29
F5VIP-10.19.254.30: 25,CMDBPORT,25
F5VIP-10.19.254.30: 25,ACTIVESELFIP,10.19.254.4
F5VIP-10.19.254.30: 25,STANDBYSELFIP,10.19.254.28
F5VIP-10.19.254.30: 587,FLOATINGSELFIP,10.19.254.29
F5VIP-10.19.254.30: 587,CMDBPORT,587
F5VIP-10.19.254.30: 587,ACTIVESELFIP,10.19.254.4
F5VIP-10.19.254.30: 587,STANDBYSELFIP,10.19.254.28
F5VIP-10.19.255.100: 443,FLOATINGSELFIP,10.19.255.108
F5VIP-10.19.255.100: 443,CMDBPORT,443
F5VIP-10.19.255.100: 443,ACTIVESELFIP,10.19.255.107
F5VIP-10.19.255.100: 443,STANDBYSELFIP,10.19.255.106
F5VIP-10.19.255.100: 80,FLOATINGSELFIP,10.19.255.108
F5VIP-10.19.255.100: 80,CMDBPORT,80
F5VIP-10.19.255.100: 80,ACTIVESELFIP,10.19.255.107
F5VIP-10.19.255.100: 80,STANDBYSELFIP,10.19.255.106
F5VIP-10.19.255.122: 7070,FLOATINGSELFIP,10.19.255.121
F5VIP-10.19.255.122: 7070,CMDBPORT,7070
F5VIP-10.19.255.122: 7070,ACTIVESELFIP,10.19.255.120
F5VIP-10.19.255.122: 7070,STANDBYSELFIP,10.19.255.119
F5VIP-10.19.255.122: 80,FLOATINGSELFIP,10.19.255.121
F5VIP-10.19.255.122: 80,CMDBPORT,80
F5VIP-10.19.255.122: 80,ACTIVESELFIP,10.19.255.120
F5VIP-10.19.255.122: 80,STANDBYSELFIP,10.19.255.119
F5VIP-10.19.255.122: 8080,FLOATINGSELFIP,10.19.255.121
F5VIP-10.19.255.122: 8080,CMDBPORT,8080
F5VIP-10.19.255.122: 8080,ACTIVESELFIP,10.19.255.120
F5VIP-10.19.255.122: 8080,STANDBYSELFIP,10.19.255.119
F5VIP-10.19.255.122: 8085,FLOATINGSELFIP,10.19.255.121
F5VIP-10.19.255.122: 8085,CMDBPORT,8085
F5VIP-10.19.255.122: 8085,ACTIVESELFIP,10.19.255.120
F5VIP-10.19.255.122: 8085,STANDBYSELFIP,10.19.255.119
F5VIP-10.19.255.122: 8086,FLOATINGSELFIP,10.19.255.121
F5VIP-10.19.255.122: 8086,CMDBPORT,8086
F5VIP-10.19.255.122: 8086,ACTIVESELFIP,10.19.255.120
F5VIP-10.19.255.122: 8086,STANDBYSELFIP,10.19.255.119
F5VIP-10.19.255.122: 8088,FLOATINGSELFIP,10.19.255.121
F5VIP-10.19.255.122: 8088,CMDBPORT,8088
F5VIP-10.19.255.122: 8088,ACTIVESELFIP,10.19.255.120
F5VIP-10.19.255.122: 8088,STANDBYSELFIP,10.19.255.119
F5VIP-10.19.255.122: 90,FLOATINGSELFIP,10.19.255.121
F5VIP-10.19.255.122: 90,CMDBPORT,90
F5VIP-10.19.255.122: 90,ACTIVESELFIP,10.19.255.120
F5VIP-10.19.255.122: 90,STANDBYSELFIP,10.19.255.119
F5VIP-10.19.255.122: 9090,FLOATINGSELFIP,10.19.255.121
F5VIP-10.19.255.122: 9090,CMDBPORT,9090
F5VIP-10.19.255.122: 9090,ACTIVESELFIP,10.19.255.120
F5VIP-10.19.255.122: 9090,STANDBYSELFIP,10.19.255.119
F5VIP-10.19.255.122: 97,FLOATINGSELFIP,10.19.255.121
F5VIP-10.19.255.122: 97,CMDBPORT,97
F5VIP-10.19.255.122: 97,ACTIVESELFIP,10.19.255.120
F5VIP-10.19.255.122: 97,STANDBYSELFIP,10.19.255.119
F5VIP-10.19.255.150: 7070,FLOATINGSELFIP,10.19.255.151
F5VIP-10.19.255.150: 7070,CMDBPORT,7070
F5VIP-10.19.255.150: 7070,ACTIVESELFIP,10.19.255.152
F5VIP-10.19.255.150: 7070,STANDBYSELFIP,10.19.255.153
F5VIP-10.19.255.150: 80,FLOATINGSELFIP,10.19.255.151
F5VIP-10.19.255.150: 80,CMDBPORT,80
F5VIP-10.19.255.150: 80,ACTIVESELFIP,10.19.255.152
F5VIP-10.19.255.150: 80,STANDBYSELFIP,10.19.255.153
F5VIP-10.19.255.150: 8080,FLOATINGSELFIP,10.19.255.151
F5VIP-10.19.255.150: 8080,CMDBPORT,8080
F5VIP-10.19.255.150: 8080,ACTIVESELFIP,10.19.255.152
F5VIP-10.19.255.150: 8080,STANDBYSELFIP,10.19.255.153
F5VIP-10.19.255.185: 80,FLOATINGSELFIP,10.19.255.184
F5VIP-10.19.255.185: 80,CMDBPORT,80
F5VIP-10.19.255.185: 80,ACTIVESELFIP,10.19.255.183
F5VIP-10.19.255.185: 80,STANDBYSELFIP,10.19.255.182
F5VIP-10.19.255.197: 443,FLOATINGSELFIP,10.19.255.200
F5VIP-10.19.255.197: 443,CMDBPORT,443
F5VIP-10.19.255.197: 443,ACTIVESELFIP,10.19.255.198
F5VIP-10.19.255.197: 443,STANDBYSELFIP,10.19.255.199
F5VIP-10.19.255.217: 8080,FLOATINGSELFIP,10.19.255.220
F5VIP-10.19.255.217: 8080,CMDBPORT,8080
F5VIP-10.19.255.217: 8080,ACTIVESELFIP,10.19.255.219
F5VIP-10.19.255.217: 8080,STANDBYSELFIP,10.19.255.218
F5VIP-10.19.255.232: 443,FLOATINGSELFIP,10.19.255.235
F5VIP-10.19.255.232: 443,CMDBPORT,443
F5VIP-10.19.255.232: 443,ACTIVESELFIP,10.19.255.233
F5VIP-10.19.255.232: 443,STANDBYSELFIP,10.19.255.234
F5VIP-10.19.255.60: 443,FLOATINGSELFIP,10.19.255.59
F5VIP-10.19.255.60: 443,CMDBPORT,443
F5VIP-10.19.255.60: 443,ACTIVESELFIP,10.19.255.57
F5VIP-10.19.255.60: 443,STANDBYSELFIP,10.19.255.58
F5VIP-10.19.255.60: 80,FLOATINGSELFIP,10.19.255.59
F5VIP-10.19.255.60: 80,CMDBPORT,80
F5VIP-10.19.255.60: 80,ACTIVESELFIP,10.19.255.57
F5VIP-10.19.255.60: 80,STANDBYSELFIP,10.19.255.58
F5VIP-10.19.255.60: 8080,FLOATINGSELFIP,10.19.255.59
F5VIP-10.19.255.60: 8080,CMDBPORT,8080
F5VIP-10.19.255.60: 8080,ACTIVESELFIP,10.19.255.57
F5VIP-10.19.255.60: 8080,STANDBYSELFIP,10.19.255.58
F5VIP-10.19.26.10: 443,FLOATINGSELFIP,10.19.26.9
F5VIP-10.19.26.10: 443,CMDBPORT,443
F5VIP-10.19.26.10: 443,ACTIVESELFIP,10.19.26.8
F5VIP-10.19.26.10: 443,STANDBYSELFIP,10.19.26.7
F5VIP-10.19.26.115: 443,FLOATINGSELFIP,10.19.26.117
F5VIP-10.19.26.115: 443,CMDBPORT,443
F5VIP-10.19.26.115: 443,ACTIVESELFIP,10.19.26.118
F5VIP-10.19.26.115: 443,STANDBYSELFIP,10.19.26.116
F5VIP-10.19.26.148: 3000,FLOATINGSELFIP,10.19.26.151
F5VIP-10.19.26.148: 3000,CMDBPORT,3000
F5VIP-10.19.26.148: 3000,ACTIVESELFIP,10.19.26.149
F5VIP-10.19.26.148: 3000,STANDBYSELFIP,10.19.26.150
F5VIP-10.19.26.148: 3389,FLOATINGSELFIP,10.19.26.151
F5VIP-10.19.26.148: 3389,CMDBPORT,3389
F5VIP-10.19.26.148: 3389,ACTIVESELFIP,10.19.26.149
F5VIP-10.19.26.148: 3389,STANDBYSELFIP,10.19.26.150
F5VIP-10.19.26.148: 443,FLOATINGSELFIP,10.19.26.151
F5VIP-10.19.26.148: 443,CMDBPORT,443
F5VIP-10.19.26.148: 443,ACTIVESELFIP,10.19.26.149
F5VIP-10.19.26.148: 443,STANDBYSELFIP,10.19.26.150
F5VIP-10.19.26.148: 8443,FLOATINGSELFIP,10.19.26.151
F5VIP-10.19.26.148: 8443,CMDBPORT,8443
F5VIP-10.19.26.148: 8443,ACTIVESELFIP,10.19.26.149
F5VIP-10.19.26.148: 8443,STANDBYSELFIP,10.19.26.150
F5VIP-10.19.26.68: 443,FLOATINGSELFIP,10.19.26.70
F5VIP-10.19.26.68: 443,CMDBPORT,443
F5VIP-10.19.26.68: 443,ACTIVESELFIP,10.19.26.71
F5VIP-10.19.26.68: 443,STANDBYSELFIP,10.19.26.69
F5VIP-10.19.26.68: 80,FLOATINGSELFIP,10.19.26.70
F5VIP-10.19.26.68: 80,CMDBPORT,80
F5VIP-10.19.26.68: 80,ACTIVESELFIP,10.19.26.71
F5VIP-10.19.26.68: 80,STANDBYSELFIP,10.19.26.69
F5VIP-10.19.28.160: 443,FLOATINGSELFIP,10.19.28.166
F5VIP-10.19.28.160: 443,CMDBPORT,443
F5VIP-10.19.28.160: 443,ACTIVESELFIP,10.19.28.164
F5VIP-10.19.28.160: 443,STANDBYSELFIP,10.19.28.165
F5VIP-10.19.28.192: 443,FLOATINGSELFIP,10.19.28.198
F5VIP-10.19.28.192: 443,CMDBPORT,443
F5VIP-10.19.28.192: 443,ACTIVESELFIP,10.19.28.196
F5VIP-10.19.28.192: 443,STANDBYSELFIP,10.19.28.197
F5VIP-10.19.28.30: 443,FLOATINGSELFIP,10.19.28.28
F5VIP-10.19.28.30: 443,CMDBPORT,443
F5VIP-10.19.28.30: 443,ACTIVESELFIP,10.19.28.26
F5VIP-10.19.28.30: 443,STANDBYSELFIP,10.19.28.27
F5VIP-10.19.28.30: 80,FLOATINGSELFIP,10.19.28.28
F5VIP-10.19.28.30: 80,CMDBPORT,80
F5VIP-10.19.28.30: 80,ACTIVESELFIP,10.19.28.26
F5VIP-10.19.28.30: 80,STANDBYSELFIP,10.19.28.27
F5VIP-10.19.29.102: 443,FLOATINGSELFIP,10.19.29.105
F5VIP-10.19.29.102: 443,CMDBPORT,443
F5VIP-10.19.29.102: 443,ACTIVESELFIP,10.19.29.103
F5VIP-10.19.29.102: 443,STANDBYSELFIP,10.19.29.104
F5VIP-10.19.30.138: 443,FLOATINGSELFIP,10.19.30.137
F5VIP-10.19.30.138: 443,CMDBPORT,443
F5VIP-10.19.30.138: 443,ACTIVESELFIP,10.19.30.136
F5VIP-10.19.30.138: 443,STANDBYSELFIP,10.19.30.135
F5VIP-10.19.30.138: 80,FLOATINGSELFIP,10.19.30.137
F5VIP-10.19.30.138: 80,CMDBPORT,80
F5VIP-10.19.30.138: 80,ACTIVESELFIP,10.19.30.136
F5VIP-10.19.30.138: 80,STANDBYSELFIP,10.19.30.135
F5VIP-10.19.30.138: 8443,FLOATINGSELFIP,10.19.30.137
F5VIP-10.19.30.138: 8443,CMDBPORT,8443
F5VIP-10.19.30.138: 8443,ACTIVESELFIP,10.19.30.136
F5VIP-10.19.30.138: 8443,STANDBYSELFIP,10.19.30.135
F5VIP-10.19.30.138: 8444,FLOATINGSELFIP,10.19.30.137
F5VIP-10.19.30.138: 8444,CMDBPORT,8444
F5VIP-10.19.30.138: 8444,ACTIVESELFIP,10.19.30.136
F5VIP-10.19.30.138: 8444,STANDBYSELFIP,10.19.30.135
F5VIP-10.19.30.206: 7800,FLOATINGSELFIP,10.19.30.205
F5VIP-10.19.30.206: 7800,CMDBPORT,7800
F5VIP-10.19.30.206: 7800,ACTIVESELFIP,10.19.30.203
F5VIP-10.19.30.206: 7800,STANDBYSELFIP,10.19.30.204
F5VIP-10.19.30.206: 7801,FLOATINGSELFIP,10.19.30.205
F5VIP-10.19.30.206: 7801,CMDBPORT,7801
F5VIP-10.19.30.206: 7801,ACTIVESELFIP,10.19.30.203
F5VIP-10.19.30.206: 7801,STANDBYSELFIP,10.19.30.204
F5VIP-10.19.30.206: 7802,FLOATINGSELFIP,10.19.30.205
F5VIP-10.19.30.206: 7802,CMDBPORT,7802
F5VIP-10.19.30.206: 7802,ACTIVESELFIP,10.19.30.203
F5VIP-10.19.30.206: 7802,STANDBYSELFIP,10.19.30.204
F5VIP-10.19.30.206: 7804,FLOATINGSELFIP,10.19.30.205
F5VIP-10.19.30.206: 7804,CMDBPORT,7804
F5VIP-10.19.30.206: 7804,ACTIVESELFIP,10.19.30.203
F5VIP-10.19.30.206: 7804,STANDBYSELFIP,10.19.30.204
F5VIP-10.19.30.206: 7805,FLOATINGSELFIP,10.19.30.205
F5VIP-10.19.30.206: 7805,CMDBPORT,7805
F5VIP-10.19.30.206: 7805,ACTIVESELFIP,10.19.30.203
F5VIP-10.19.30.206: 7805,STANDBYSELFIP,10.19.30.204
F5VIP-10.19.31.148: 443,FLOATINGSELFIP,10.19.31.152
F5VIP-10.19.31.148: 443,CMDBPORT,443
F5VIP-10.19.31.148: 443,ACTIVESELFIP,10.19.31.151
F5VIP-10.19.31.148: 443,STANDBYSELFIP,10.19.31.150
F5VIP-10.19.31.148: 80,FLOATINGSELFIP,10.19.31.152
F5VIP-10.19.31.148: 80,CMDBPORT,80
F5VIP-10.19.31.148: 80,ACTIVESELFIP,10.19.31.151
F5VIP-10.19.31.148: 80,STANDBYSELFIP,10.19.31.150
F5VIP-10.19.31.164: 443,FLOATINGSELFIP,10.19.31.167
F5VIP-10.19.31.164: 443,CMDBPORT,443
F5VIP-10.19.31.164: 443,ACTIVESELFIP,10.19.31.166
F5VIP-10.19.31.164: 443,STANDBYSELFIP,10.19.31.165
F5VIP-10.19.31.164: 80,FLOATINGSELFIP,10.19.31.167
F5VIP-10.19.31.164: 80,CMDBPORT,80
F5VIP-10.19.31.164: 80,ACTIVESELFIP,10.19.31.166
F5VIP-10.19.31.164: 80,STANDBYSELFIP,10.19.31.165
F5VIP-10.19.31.180: 443,FLOATINGSELFIP,10.19.31.183
F5VIP-10.19.31.180: 443,CMDBPORT,443
F5VIP-10.19.31.180: 443,ACTIVESELFIP,10.19.31.182
F5VIP-10.19.31.180: 443,STANDBYSELFIP,10.19.31.181
F5VIP-10.19.31.180: 80,FLOATINGSELFIP,10.19.31.183
F5VIP-10.19.31.180: 80,CMDBPORT,80
F5VIP-10.19.31.180: 80,ACTIVESELFIP,10.19.31.182
F5VIP-10.19.31.180: 80,STANDBYSELFIP,10.19.31.181
F5VIP-10.19.31.68: 443,FLOATINGSELFIP,10.19.31.71
F5VIP-10.19.31.68: 443,CMDBPORT,443
F5VIP-10.19.31.68: 443,ACTIVESELFIP,10.19.31.70
F5VIP-10.19.31.68: 443,STANDBYSELFIP,10.19.31.69
F5VIP-10.19.32.10: 443,FLOATINGSELFIP,10.19.32.7
F5VIP-10.19.32.10: 443,CMDBPORT,443
F5VIP-10.19.32.10: 443,ACTIVESELFIP,10.19.32.8
F5VIP-10.19.32.10: 443,STANDBYSELFIP,10.19.32.6
F5VIP-10.19.32.10: 80,FLOATINGSELFIP,10.19.32.7
F5VIP-10.19.32.10: 80,CMDBPORT,80
F5VIP-10.19.32.10: 80,ACTIVESELFIP,10.19.32.8
F5VIP-10.19.32.10: 80,STANDBYSELFIP,10.19.32.6
F5VIP-10.19.32.167: 3443,FLOATINGSELFIP,10.19.32.164
F5VIP-10.19.32.167: 3443,CMDBPORT,3443
F5VIP-10.19.32.167: 3443,ACTIVESELFIP,10.19.32.162
F5VIP-10.19.32.167: 3443,STANDBYSELFIP,10.19.32.163
F5VIP-10.19.32.167: 35063,FLOATINGSELFIP,10.19.32.164
F5VIP-10.19.32.167: 35063,CMDBPORT,35063
F5VIP-10.19.32.167: 35063,ACTIVESELFIP,10.19.32.162
F5VIP-10.19.32.167: 35063,STANDBYSELFIP,10.19.32.163
F5VIP-10.19.32.167: 35100,FLOATINGSELFIP,10.19.32.164
F5VIP-10.19.32.167: 35100,CMDBPORT,35100
F5VIP-10.19.32.167: 35100,ACTIVESELFIP,10.19.32.162
F5VIP-10.19.32.167: 35100,STANDBYSELFIP,10.19.32.163
F5VIP-10.19.32.167: 35101,FLOATINGSELFIP,10.19.32.164
F5VIP-10.19.32.167: 35101,CMDBPORT,35101
F5VIP-10.19.32.167: 35101,ACTIVESELFIP,10.19.32.162
F5VIP-10.19.32.167: 35101,STANDBYSELFIP,10.19.32.163
F5VIP-10.19.32.167: 35103,FLOATINGSELFIP,10.19.32.164
F5VIP-10.19.32.167: 35103,CMDBPORT,35103
F5VIP-10.19.32.167: 35103,ACTIVESELFIP,10.19.32.162
F5VIP-10.19.32.167: 35103,STANDBYSELFIP,10.19.32.163
F5VIP-10.19.32.167: 443,FLOATINGSELFIP,10.19.32.164
F5VIP-10.19.32.167: 443,CMDBPORT,443
F5VIP-10.19.32.167: 443,ACTIVESELFIP,10.19.32.162
F5VIP-10.19.32.167: 443,STANDBYSELFIP,10.19.32.163
F5VIP-10.19.32.169: 3443,FLOATINGSELFIP,10.19.32.164
F5VIP-10.19.32.169: 3443,CMDBPORT,3443
F5VIP-10.19.32.169: 3443,ACTIVESELFIP,10.19.32.162
F5VIP-10.19.32.169: 3443,STANDBYSELFIP,10.19.32.163
F5VIP-10.19.32.169: 35063,FLOATINGSELFIP,10.19.32.164
F5VIP-10.19.32.169: 35063,CMDBPORT,35063
F5VIP-10.19.32.169: 35063,ACTIVESELFIP,10.19.32.162
F5VIP-10.19.32.169: 35063,STANDBYSELFIP,10.19.32.163
F5VIP-10.19.32.169: 35100,FLOATINGSELFIP,10.19.32.164
F5VIP-10.19.32.169: 35100,CMDBPORT,35100
F5VIP-10.19.32.169: 35100,ACTIVESELFIP,10.19.32.162
F5VIP-10.19.32.169: 35100,STANDBYSELFIP,10.19.32.163
F5VIP-10.19.32.169: 35101,FLOATINGSELFIP,10.19.32.164
F5VIP-10.19.32.169: 35101,CMDBPORT,35101
F5VIP-10.19.32.169: 35101,ACTIVESELFIP,10.19.32.162
F5VIP-10.19.32.169: 35101,STANDBYSELFIP,10.19.32.163
F5VIP-10.19.32.169: 35103,FLOATINGSELFIP,10.19.32.164
F5VIP-10.19.32.169: 35103,FLOATINGSELFIP,10.19.32.164
F5VIP-10.19.32.169: 35103,CMDBPORT,35103
F5VIP-10.19.32.169: 35103,CMDBPORT,35103
F5VIP-10.19.32.169: 35103,ACTIVESELFIP,10.19.32.162
F5VIP-10.19.32.169: 35103,ACTIVESELFIP,10.19.32.162
F5VIP-10.19.32.169: 35103,STANDBYSELFIP,10.19.32.163
F5VIP-10.19.32.169: 35103,STANDBYSELFIP,10.19.32.163
F5VIP-10.19.32.169: 3553,FLOATINGSELFIP,10.19.32.164
F5VIP-10.19.32.169: 3553,CMDBPORT,3553
F5VIP-10.19.32.169: 3553,ACTIVESELFIP,10.19.32.162
F5VIP-10.19.32.169: 3553,STANDBYSELFIP,10.19.32.163
F5VIP-10.19.32.169: 443,FLOATINGSELFIP,10.19.32.164
F5VIP-10.19.32.169: 443,CMDBPORT,443
F5VIP-10.19.32.169: 443,ACTIVESELFIP,10.19.32.162
F5VIP-10.19.32.169: 443,STANDBYSELFIP,10.19.32.163
F5VIP-10.19.32.38: 443,FLOATINGSELFIP,10.19.32.39
F5VIP-10.19.32.38: 443,CMDBPORT,443
F5VIP-10.19.32.38: 443,ACTIVESELFIP,10.19.32.37
F5VIP-10.19.32.38: 443,STANDBYSELFIP,10.19.32.36
F5VIP-10.19.32.38: 80,FLOATINGSELFIP,10.19.32.39
F5VIP-10.19.32.38: 80,CMDBPORT,80
F5VIP-10.19.32.38: 80,ACTIVESELFIP,10.19.32.37
F5VIP-10.19.32.38: 80,STANDBYSELFIP,10.19.32.36
F5VIP-10.19.32.70: 443,FLOATINGSELFIP,10.19.32.69
F5VIP-10.19.32.70: 443,CMDBPORT,443
F5VIP-10.19.32.70: 443,ACTIVESELFIP,10.19.32.71
F5VIP-10.19.32.70: 443,STANDBYSELFIP,10.19.32.68
F5VIP-10.19.32.70: 80,FLOATINGSELFIP,10.19.32.69
F5VIP-10.19.32.70: 80,CMDBPORT,80
F5VIP-10.19.32.70: 80,ACTIVESELFIP,10.19.32.71
F5VIP-10.19.32.70: 80,STANDBYSELFIP,10.19.32.68
F5VIP-10.19.33.215: 443,FLOATINGSELFIP,10.19.33.213
F5VIP-10.19.33.215: 443,CMDBPORT,443
F5VIP-10.19.33.215: 443,ACTIVESELFIP,10.19.33.214
F5VIP-10.19.33.215: 443,STANDBYSELFIP,10.19.33.212
F5VIP-10.19.34.11: 443,FLOATINGSELFIP,10.19.34.14
F5VIP-10.19.34.11: 443,CMDBPORT,443
F5VIP-10.19.34.11: 443,ACTIVESELFIP,10.19.34.12
F5VIP-10.19.34.11: 443,STANDBYSELFIP,10.19.34.13
F5VIP-10.19.34.11: 6443,FLOATINGSELFIP,10.19.34.14
F5VIP-10.19.34.11: 6443,CMDBPORT,6443
F5VIP-10.19.34.11: 6443,ACTIVESELFIP,10.19.34.12
F5VIP-10.19.34.11: 6443,STANDBYSELFIP,10.19.34.13
F5VIP-10.19.34.11: 9345,FLOATINGSELFIP,10.19.34.14
F5VIP-10.19.34.11: 9345,CMDBPORT,9345
F5VIP-10.19.34.11: 9345,ACTIVESELFIP,10.19.34.12
F5VIP-10.19.34.11: 9345,STANDBYSELFIP,10.19.34.13
F5VIP-10.19.35.62: 443,FLOATINGSELFIP,10.19.35.58
F5VIP-10.19.35.62: 443,CMDBPORT,443
F5VIP-10.19.35.74: 443,FLOATINGSELFIP,10.19.135.141
F5VIP-10.19.35.74: 443,CMDBPORT,443
F5VIP-10.19.35.74: 443,ACTIVESELFIP,10.19.135.142
F5VIP-10.19.35.74: 443,STANDBYSELFIP,10.19.135.143
F5VIP-10.19.35.74: 8013,FLOATINGSELFIP,10.19.135.141
F5VIP-10.19.35.74: 8013,CMDBPORT,8013
F5VIP-10.19.35.74: 8013,ACTIVESELFIP,10.19.135.142
F5VIP-10.19.35.74: 8013,STANDBYSELFIP,10.19.135.143
F5VIP-10.19.36.183: 6443,FLOATINGSELFIP,10.19.36.186
F5VIP-10.19.36.183: 6443,CMDBPORT,6443
F5VIP-10.19.36.183: 6443,ACTIVESELFIP,10.19.36.184
F5VIP-10.19.36.183: 6443,STANDBYSELFIP,10.19.36.185
F5VIP-10.19.36.183: 8443,FLOATINGSELFIP,10.19.36.186
F5VIP-10.19.36.183: 8443,CMDBPORT,8443
F5VIP-10.19.36.183: 8443,ACTIVESELFIP,10.19.36.184
F5VIP-10.19.36.183: 8443,STANDBYSELFIP,10.19.36.185
F5VIP-10.19.37.170: 443,FLOATINGSELFIP,10.19.37.169
F5VIP-10.19.37.170: 443,CMDBPORT,443
F5VIP-10.19.37.170: 443,ACTIVESELFIP,10.19.37.168
F5VIP-10.19.37.170: 443,STANDBYSELFIP,10.19.37.167
F5VIP-10.19.37.170: 80,FLOATINGSELFIP,10.19.37.169
F5VIP-10.19.37.170: 80,CMDBPORT,80
F5VIP-10.19.37.170: 80,ACTIVESELFIP,10.19.37.168
F5VIP-10.19.37.170: 80,STANDBYSELFIP,10.19.37.167
F5VIP-10.19.37.180: 443,FLOATINGSELFIP,10.19.37.186
F5VIP-10.19.37.180: 443,CMDBPORT,443
F5VIP-10.19.37.180: 443,ACTIVESELFIP,10.19.37.184
F5VIP-10.19.37.180: 443,STANDBYSELFIP,10.19.37.185
F5VIP-10.19.37.180: 80,FLOATINGSELFIP,10.19.37.186
F5VIP-10.19.37.180: 80,CMDBPORT,80
F5VIP-10.19.37.180: 80,ACTIVESELFIP,10.19.37.184
F5VIP-10.19.37.180: 80,STANDBYSELFIP,10.19.37.185
F5VIP-10.19.37.180: 9443,FLOATINGSELFIP,10.19.37.186
F5VIP-10.19.37.180: 9443,CMDBPORT,9443
F5VIP-10.19.37.180: 9443,ACTIVESELFIP,10.19.37.184
F5VIP-10.19.37.180: 9443,STANDBYSELFIP,10.19.37.185
F5VIP-10.19.37.217: 8080,FLOATINGSELFIP,10.19.37.220
F5VIP-10.19.37.217: 8080,CMDBPORT,8080
F5VIP-10.19.37.217: 8080,ACTIVESELFIP,10.19.37.219
F5VIP-10.19.37.217: 8080,STANDBYSELFIP,10.19.37.218
F5VIP-10.19.38.180: 443,FLOATINGSELFIP,10.19.38.182
F5VIP-10.19.38.180: 443,FLOATINGSELFIP,10.19.38.182
F5VIP-10.19.38.180: 443,FLOATINGSELFIP,10.19.38.182
F5VIP-10.19.38.180: 443,FLOATINGSELFIP,10.19.38.182
F5VIP-10.19.38.180: 443,FLOATINGSELFIP,10.19.38.182
F5VIP-10.19.38.180: 443,CMDBPORT,443
F5VIP-10.19.38.180: 443,CMDBPORT,443
F5VIP-10.19.38.180: 443,CMDBPORT,443
F5VIP-10.19.38.180: 443,CMDBPORT,443
F5VIP-10.19.38.180: 443,CMDBPORT,443
F5VIP-10.19.38.180: 443,ACTIVESELFIP,10.19.38.183
F5VIP-10.19.38.180: 443,ACTIVESELFIP,10.19.38.183
F5VIP-10.19.38.180: 443,ACTIVESELFIP,10.19.38.183
F5VIP-10.19.38.180: 443,ACTIVESELFIP,10.19.38.183
F5VIP-10.19.38.180: 443,ACTIVESELFIP,10.19.38.183
F5VIP-10.19.38.180: 443,STANDBYSELFIP,10.19.38.181
F5VIP-10.19.38.180: 443,STANDBYSELFIP,10.19.38.181
F5VIP-10.19.38.180: 443,STANDBYSELFIP,10.19.38.181
F5VIP-10.19.38.180: 443,STANDBYSELFIP,10.19.38.181
F5VIP-10.19.38.180: 443,STANDBYSELFIP,10.19.38.181
F5VIP-10.19.38.180: 80,FLOATINGSELFIP,10.19.38.182
F5VIP-10.19.38.180: 80,CMDBPORT,80
F5VIP-10.19.38.180: 80,ACTIVESELFIP,10.19.38.183
F5VIP-10.19.38.180: 80,STANDBYSELFIP,10.19.38.181
F5VIP-10.19.38.71: 8080,FLOATINGSELFIP,10.19.38.74
F5VIP-10.19.38.71: 8080,CMDBPORT,8080
F5VIP-10.19.38.71: 8080,ACTIVESELFIP,10.19.38.73
F5VIP-10.19.38.71: 8080,STANDBYSELFIP,10.19.38.72
F5VIP-10.19.39.114: 443,FLOATINGSELFIP,10.19.39.119
F5VIP-10.19.39.114: 443,CMDBPORT,443
F5VIP-10.19.39.114: 443,ACTIVESELFIP,10.19.39.117
F5VIP-10.19.39.114: 443,STANDBYSELFIP,10.19.39.118
F5VIP-10.19.39.22: 3389,FLOATINGSELFIP,10.19.39.28
F5VIP-10.19.39.22: 3389,CMDBPORT,3389
F5VIP-10.19.39.22: 3389,ACTIVESELFIP,10.19.39.26
F5VIP-10.19.39.22: 3389,STANDBYSELFIP,10.19.39.27
F5VIP-10.19.39.22: 443,FLOATINGSELFIP,10.19.39.28
F5VIP-10.19.39.22: 443,CMDBPORT,443
F5VIP-10.19.39.22: 443,ACTIVESELFIP,10.19.39.26
F5VIP-10.19.39.22: 443,STANDBYSELFIP,10.19.39.27
F5VIP-10.19.40.135: 443,FLOATINGSELFIP,10.19.40.134
F5VIP-10.19.40.135: 443,CMDBPORT,443
F5VIP-10.19.40.135: 443,ACTIVESELFIP,10.19.40.132
F5VIP-10.19.40.135: 443,STANDBYSELFIP,10.19.40.133
F5VIP-10.19.40.166: 443,FLOATINGSELFIP,10.19.40.169
F5VIP-10.19.40.166: 443,CMDBPORT,443
F5VIP-10.19.40.166: 443,ACTIVESELFIP,10.19.40.167
F5VIP-10.19.40.166: 443,STANDBYSELFIP,10.19.40.168
F5VIP-10.19.40.166: 5672,FLOATINGSELFIP,10.19.40.169
F5VIP-10.19.40.166: 5672,CMDBPORT,5672
F5VIP-10.19.40.166: 5672,ACTIVESELFIP,10.19.40.167
F5VIP-10.19.40.166: 5672,STANDBYSELFIP,10.19.40.168
F5VIP-10.19.44.103: 443,FLOATINGSELFIP,10.19.44.104
F5VIP-10.19.44.103: 443,CMDBPORT,443
F5VIP-10.19.44.103: 443,ACTIVESELFIP,10.19.44.105
F5VIP-10.19.44.103: 443,STANDBYSELFIP,10.19.44.106
F5VIP-10.19.46.67: 80,FLOATINGSELFIP,10.19.46.73
F5VIP-10.19.46.67: 80,CMDBPORT,80
F5VIP-10.19.46.67: 80,ACTIVESELFIP,10.19.46.74
F5VIP-10.19.46.67: 80,STANDBYSELFIP,10.19.46.72
F5VIP-10.19.47.116: 443,FLOATINGSELFIP,10.19.47.119
F5VIP-10.19.47.116: 443,CMDBPORT,443
F5VIP-10.19.47.116: 443,ACTIVESELFIP,10.19.47.117
F5VIP-10.19.47.116: 443,STANDBYSELFIP,10.19.47.118
F5VIP-10.19.47.68: 443,FLOATINGSELFIP,10.19.47.72
F5VIP-10.19.47.68: 443,CMDBPORT,443
F5VIP-10.19.47.68: 443,ACTIVESELFIP,10.19.47.70
F5VIP-10.19.47.68: 443,STANDBYSELFIP,10.19.47.71
F5VIP-10.19.47.85: 443,FLOATINGSELFIP,10.19.47.88
F5VIP-10.19.47.85: 443,CMDBPORT,443
F5VIP-10.19.47.85: 443,ACTIVESELFIP,10.19.47.86
F5VIP-10.19.47.85: 443,STANDBYSELFIP,10.19.47.87
F5VIP-10.19.5.17: 100,FLOATINGSELFIP,10.19.5.254
F5VIP-10.19.5.17: 100,CMDBPORT,100
F5VIP-10.19.5.17: 100,ACTIVESELFIP,10.19.5.253
F5VIP-10.19.5.17: 100,STANDBYSELFIP,10.19.5.252
F5VIP-10.19.5.17: 10030,FLOATINGSELFIP,10.19.5.254
F5VIP-10.19.5.17: 10030,CMDBPORT,10030
F5VIP-10.19.5.17: 10030,ACTIVESELFIP,10.19.5.253
F5VIP-10.19.5.17: 10030,STANDBYSELFIP,10.19.5.252
F5VIP-10.19.5.17: 10040,FLOATINGSELFIP,10.19.5.254
F5VIP-10.19.5.17: 10040,CMDBPORT,10040
F5VIP-10.19.5.17: 10040,ACTIVESELFIP,10.19.5.253
F5VIP-10.19.5.17: 10040,STANDBYSELFIP,10.19.5.252
F5VIP-10.19.5.17: 10070,FLOATINGSELFIP,10.19.5.254
F5VIP-10.19.5.17: 10070,CMDBPORT,10070
F5VIP-10.19.5.17: 10070,ACTIVESELFIP,10.19.5.253
F5VIP-10.19.5.17: 10070,STANDBYSELFIP,10.19.5.252
F5VIP-10.19.5.17: 1050,FLOATINGSELFIP,10.19.5.254
F5VIP-10.19.5.17: 1050,CMDBPORT,1050
F5VIP-10.19.5.17: 1050,ACTIVESELFIP,10.19.5.253
F5VIP-10.19.5.17: 1050,STANDBYSELFIP,10.19.5.252
F5VIP-10.19.5.17: 10500,FLOATINGSELFIP,10.19.5.254
F5VIP-10.19.5.17: 10500,CMDBPORT,10500
F5VIP-10.19.5.17: 10500,ACTIVESELFIP,10.19.5.253
F5VIP-10.19.5.17: 10500,STANDBYSELFIP,10.19.5.252
F5VIP-10.19.5.17: 1060,FLOATINGSELFIP,10.19.5.254
F5VIP-10.19.5.17: 1060,CMDBPORT,1060
F5VIP-10.19.5.17: 1060,ACTIVESELFIP,10.19.5.253
F5VIP-10.19.5.17: 1060,STANDBYSELFIP,10.19.5.252
F5VIP-10.19.5.17: 10600,FLOATINGSELFIP,10.19.5.254
F5VIP-10.19.5.17: 10600,CMDBPORT,10600
F5VIP-10.19.5.17: 10600,ACTIVESELFIP,10.19.5.253
F5VIP-10.19.5.17: 10600,STANDBYSELFIP,10.19.5.252
F5VIP-10.19.5.17: 10700,FLOATINGSELFIP,10.19.5.254
F5VIP-10.19.5.17: 10700,CMDBPORT,10700
F5VIP-10.19.5.17: 10700,ACTIVESELFIP,10.19.5.253
F5VIP-10.19.5.17: 10700,STANDBYSELFIP,10.19.5.252
F5VIP-10.19.5.17: 1090,FLOATINGSELFIP,10.19.5.254
F5VIP-10.19.5.17: 1090,CMDBPORT,1090
F5VIP-10.19.5.17: 1090,ACTIVESELFIP,10.19.5.253
F5VIP-10.19.5.17: 1090,STANDBYSELFIP,10.19.5.252
F5VIP-10.19.5.17: 4040,FLOATINGSELFIP,10.19.5.254
F5VIP-10.19.5.17: 4040,CMDBPORT,4040
F5VIP-10.19.5.17: 4040,ACTIVESELFIP,10.19.5.253
F5VIP-10.19.5.17: 4040,STANDBYSELFIP,10.19.5.252
F5VIP-10.19.5.17: 443,FLOATINGSELFIP,10.19.5.254
F5VIP-10.19.5.17: 443,CMDBPORT,443
F5VIP-10.19.5.17: 443,ACTIVESELFIP,10.19.5.253
F5VIP-10.19.5.17: 443,STANDBYSELFIP,10.19.5.252
F5VIP-10.19.5.17: 6060,FLOATINGSELFIP,10.19.5.254
F5VIP-10.19.5.17: 6060,CMDBPORT,6060
F5VIP-10.19.5.17: 6060,ACTIVESELFIP,10.19.5.253
F5VIP-10.19.5.17: 6060,STANDBYSELFIP,10.19.5.252
F5VIP-10.19.5.17: 70,FLOATINGSELFIP,10.19.5.254
F5VIP-10.19.5.17: 70,CMDBPORT,70
F5VIP-10.19.5.17: 70,ACTIVESELFIP,10.19.5.253
F5VIP-10.19.5.17: 70,STANDBYSELFIP,10.19.5.252
F5VIP-10.19.5.17: 80,FLOATINGSELFIP,10.19.5.254
F5VIP-10.19.5.17: 80,CMDBPORT,80
F5VIP-10.19.5.17: 80,ACTIVESELFIP,10.19.5.253
F5VIP-10.19.5.17: 80,STANDBYSELFIP,10.19.5.252
F5VIP-10.19.5.17: 8443,FLOATINGSELFIP,10.19.5.254
F5VIP-10.19.5.17: 8443,CMDBPORT,8443
F5VIP-10.19.5.17: 8443,ACTIVESELFIP,10.19.5.253
F5VIP-10.19.5.17: 8443,STANDBYSELFIP,10.19.5.252
F5VIP-10.19.5.17: 8444,FLOATINGSELFIP,10.19.5.254
F5VIP-10.19.5.17: 8444,CMDBPORT,8444
F5VIP-10.19.5.17: 8444,ACTIVESELFIP,10.19.5.253
F5VIP-10.19.5.17: 8444,STANDBYSELFIP,10.19.5.252
F5VIP-10.19.5.17: 8445,FLOATINGSELFIP,10.19.5.254
F5VIP-10.19.5.17: 8445,CMDBPORT,8445
F5VIP-10.19.5.17: 8445,ACTIVESELFIP,10.19.5.253
F5VIP-10.19.5.17: 8445,STANDBYSELFIP,10.19.5.252
F5VIP-10.19.5.17: 90,FLOATINGSELFIP,10.19.5.254
F5VIP-10.19.5.17: 90,CMDBPORT,90
F5VIP-10.19.5.17: 90,ACTIVESELFIP,10.19.5.253
F5VIP-10.19.5.17: 90,STANDBYSELFIP,10.19.5.252
F5VIP-10.19.50.167: 6080,FLOATINGSELFIP,10.19.50.170
F5VIP-10.19.50.167: 6080,CMDBPORT,6080
F5VIP-10.19.50.167: 6080,ACTIVESELFIP,10.19.50.169
F5VIP-10.19.50.167: 6080,STANDBYSELFIP,10.19.50.168
F5VIP-10.19.50.167: 6443,FLOATINGSELFIP,10.19.50.170
F5VIP-10.19.50.167: 6443,CMDBPORT,6443
F5VIP-10.19.50.167: 6443,ACTIVESELFIP,10.19.50.169
F5VIP-10.19.50.167: 6443,STANDBYSELFIP,10.19.50.168
F5VIP-10.19.50.167: 7080,FLOATINGSELFIP,10.19.50.170
F5VIP-10.19.50.167: 7080,CMDBPORT,7080
F5VIP-10.19.50.167: 7080,ACTIVESELFIP,10.19.50.169
F5VIP-10.19.50.167: 7080,STANDBYSELFIP,10.19.50.168
F5VIP-10.19.50.167: 7443,FLOATINGSELFIP,10.19.50.170
F5VIP-10.19.50.167: 7443,CMDBPORT,7443
F5VIP-10.19.50.167: 7443,ACTIVESELFIP,10.19.50.169
F5VIP-10.19.50.167: 7443,STANDBYSELFIP,10.19.50.168
F5VIP-10.19.57.136: 443,FLOATINGSELFIP,10.19.57.139
F5VIP-10.19.57.136: 443,CMDBPORT,443
F5VIP-10.19.57.136: 443,ACTIVESELFIP,10.19.57.137
F5VIP-10.19.57.136: 443,STANDBYSELFIP,10.19.57.138
F5VIP-10.19.57.180: 443,FLOATINGSELFIP,10.19.57.183
F5VIP-10.19.57.180: 443,CMDBPORT,443
F5VIP-10.19.57.180: 443,ACTIVESELFIP,10.19.57.181
F5VIP-10.19.57.180: 443,STANDBYSELFIP,10.19.57.182
F5VIP-10.19.57.196: 443,FLOATINGSELFIP,10.19.57.197
F5VIP-10.19.57.196: 443,CMDBPORT,443
F5VIP-10.19.57.196: 443,ACTIVESELFIP,10.19.57.199
F5VIP-10.19.57.196: 443,STANDBYSELFIP,10.19.57.198
F5VIP-10.19.57.196: 8443,FLOATINGSELFIP,10.19.57.197
F5VIP-10.19.57.196: 8443,CMDBPORT,8443
F5VIP-10.19.57.196: 8443,ACTIVESELFIP,10.19.57.199
F5VIP-10.19.57.196: 8443,STANDBYSELFIP,10.19.57.198
F5VIP-10.19.57.40: 443,FLOATINGSELFIP,10.19.57.39
F5VIP-10.19.57.40: 443,CMDBPORT,443
F5VIP-10.19.57.40: 443,ACTIVESELFIP,10.19.57.37
F5VIP-10.19.57.40: 443,STANDBYSELFIP,10.19.57.38
F5VIP-10.19.57.40: 8443,FLOATINGSELFIP,10.19.57.39
F5VIP-10.19.57.40: 8443,CMDBPORT,8443
F5VIP-10.19.57.40: 8443,ACTIVESELFIP,10.19.57.37
F5VIP-10.19.57.40: 8443,STANDBYSELFIP,10.19.57.38
F5VIP-10.19.63.143: 443,FLOATINGSELFIP,10.19.63.147
F5VIP-10.19.63.143: 443,CMDBPORT,443
F5VIP-10.19.63.143: 443,ACTIVESELFIP,10.19.63.145
F5VIP-10.19.63.143: 443,STANDBYSELFIP,10.19.63.146
F5VIP-10.19.63.144: 443,FLOATINGSELFIP,10.19.63.147
F5VIP-10.19.63.144: 443,CMDBPORT,443
F5VIP-10.19.63.144: 443,ACTIVESELFIP,10.19.63.145
F5VIP-10.19.63.144: 443,STANDBYSELFIP,10.19.63.146
F5VIP-10.19.63.144: 8443,FLOATINGSELFIP,10.19.63.147
F5VIP-10.19.63.144: 8443,CMDBPORT,8443
F5VIP-10.19.63.144: 8443,ACTIVESELFIP,10.19.63.145
F5VIP-10.19.63.144: 8443,STANDBYSELFIP,10.19.63.146
F5VIP-10.19.63.21: 443,FLOATINGSELFIP,10.19.63.25
F5VIP-10.19.63.21: 443,CMDBPORT,443
F5VIP-10.19.63.21: 443,ACTIVESELFIP,10.19.63.23
F5VIP-10.19.63.21: 443,STANDBYSELFIP,10.19.63.24
F5VIP-10.19.63.21: 5443,FLOATINGSELFIP,10.19.63.25
F5VIP-10.19.63.21: 5443,CMDBPORT,5443
F5VIP-10.19.63.21: 5443,ACTIVESELFIP,10.19.63.23
F5VIP-10.19.63.21: 5443,STANDBYSELFIP,10.19.63.24
F5VIP-10.19.63.21: 6443,FLOATINGSELFIP,10.19.63.25
F5VIP-10.19.63.21: 6443,CMDBPORT,6443
F5VIP-10.19.63.21: 6443,ACTIVESELFIP,10.19.63.23
F5VIP-10.19.63.21: 6443,STANDBYSELFIP,10.19.63.24
F5VIP-10.19.63.21: 7443,FLOATINGSELFIP,10.19.63.25
F5VIP-10.19.63.21: 7443,CMDBPORT,7443
F5VIP-10.19.63.21: 7443,ACTIVESELFIP,10.19.63.23
F5VIP-10.19.63.21: 7443,STANDBYSELFIP,10.19.63.24
F5VIP-10.19.63.21: 80,FLOATINGSELFIP,10.19.63.25
F5VIP-10.19.63.21: 80,CMDBPORT,80
F5VIP-10.19.63.21: 80,ACTIVESELFIP,10.19.63.23
F5VIP-10.19.63.21: 80,STANDBYSELFIP,10.19.63.24
F5VIP-10.19.63.21: 8443,FLOATINGSELFIP,10.19.63.25
F5VIP-10.19.63.21: 8443,CMDBPORT,8443
F5VIP-10.19.63.21: 8443,ACTIVESELFIP,10.19.63.23
F5VIP-10.19.63.21: 8443,STANDBYSELFIP,10.19.63.24
F5VIP-10.19.63.21: 9443,FLOATINGSELFIP,10.19.63.25
F5VIP-10.19.63.21: 9443,CMDBPORT,9443
F5VIP-10.19.63.21: 9443,ACTIVESELFIP,10.19.63.23
F5VIP-10.19.63.21: 9443,STANDBYSELFIP,10.19.63.24
F5VIP-10.19.63.84: 443,FLOATINGSELFIP,10.19.63.86
F5VIP-10.19.63.84: 443,CMDBPORT,443
F5VIP-10.19.63.84: 443,ACTIVESELFIP,10.19.63.87
F5VIP-10.19.63.84: 443,STANDBYSELFIP,10.19.63.85
F5VIP-10.19.66.100: 443,FLOATINGSELFIP,10.19.66.108
F5VIP-10.19.66.100: 443,CMDBPORT,443
F5VIP-10.19.66.100: 443,ACTIVESELFIP,10.19.66.109
F5VIP-10.19.66.100: 443,STANDBYSELFIP,10.19.66.110
F5VIP-10.19.66.116: 6000,FLOATINGSELFIP,10.19.66.125
F5VIP-10.19.66.116: 6000,CMDBPORT,6000
F5VIP-10.19.66.116: 6000,ACTIVESELFIP,10.19.66.124
F5VIP-10.19.66.116: 6000,STANDBYSELFIP,10.19.66.126
F5VIP-10.19.66.148: 443,FLOATINGSELFIP,10.19.66.156
F5VIP-10.19.66.148: 443,CMDBPORT,443
F5VIP-10.19.66.148: 443,ACTIVESELFIP,10.19.66.158
F5VIP-10.19.66.148: 443,STANDBYSELFIP,10.19.66.157
F5VIP-10.19.66.148: 6000,FLOATINGSELFIP,10.19.66.156
F5VIP-10.19.66.148: 6000,CMDBPORT,6000
F5VIP-10.19.66.148: 6000,ACTIVESELFIP,10.19.66.158
F5VIP-10.19.66.148: 6000,STANDBYSELFIP,10.19.66.157
F5VIP-10.19.66.164: 443,FLOATINGSELFIP,10.19.66.172
F5VIP-10.19.66.164: 443,CMDBPORT,443
F5VIP-10.19.66.164: 443,ACTIVESELFIP,10.19.66.174
F5VIP-10.19.66.164: 443,STANDBYSELFIP,10.19.66.173
F5VIP-10.19.66.164: 6000,FLOATINGSELFIP,10.19.66.172
F5VIP-10.19.66.164: 6000,CMDBPORT,6000
F5VIP-10.19.66.164: 6000,ACTIVESELFIP,10.19.66.174
F5VIP-10.19.66.164: 6000,STANDBYSELFIP,10.19.66.173
F5VIP-10.19.66.36: 443,FLOATINGSELFIP,10.19.66.60
F5VIP-10.19.66.36: 443,CMDBPORT,443
F5VIP-10.19.66.36: 443,ACTIVESELFIP,10.19.66.61
F5VIP-10.19.66.36: 443,STANDBYSELFIP,10.19.66.62
F5VIP-10.19.66.4: 443,FLOATINGSELFIP,10.19.66.29
F5VIP-10.19.66.4: 443,CMDBPORT,443
F5VIP-10.19.66.4: 443,ACTIVESELFIP,10.19.66.28
F5VIP-10.19.66.4: 443,STANDBYSELFIP,10.19.66.30
F5VIP-10.19.67.100: 443,FLOATINGSELFIP,10.19.67.108
F5VIP-10.19.67.100: 443,CMDBPORT,443
F5VIP-10.19.67.100: 443,ACTIVESELFIP,10.19.67.110
F5VIP-10.19.67.100: 443,STANDBYSELFIP,10.19.67.109
F5VIP-10.19.67.100: 6000,FLOATINGSELFIP,10.19.67.108
F5VIP-10.19.67.100: 6000,CMDBPORT,6000
F5VIP-10.19.67.100: 6000,ACTIVESELFIP,10.19.67.110
F5VIP-10.19.67.100: 6000,STANDBYSELFIP,10.19.67.109
F5VIP-10.19.67.135: 443,FLOATINGSELFIP,10.19.67.138
F5VIP-10.19.67.135: 443,CMDBPORT,443
F5VIP-10.19.67.135: 443,ACTIVESELFIP,10.19.67.137
F5VIP-10.19.67.135: 443,STANDBYSELFIP,10.19.67.136
F5VIP-10.19.67.135: 8443,FLOATINGSELFIP,10.19.67.138
F5VIP-10.19.67.135: 8443,CMDBPORT,8443
F5VIP-10.19.67.135: 8443,ACTIVESELFIP,10.19.67.137
F5VIP-10.19.67.135: 8443,STANDBYSELFIP,10.19.67.136
F5VIP-10.19.67.135: 8444,FLOATINGSELFIP,10.19.67.138
F5VIP-10.19.67.135: 8444,CMDBPORT,8444
F5VIP-10.19.67.135: 8444,ACTIVESELFIP,10.19.67.137
F5VIP-10.19.67.135: 8444,STANDBYSELFIP,10.19.67.136
F5VIP-10.19.67.20: 443,FLOATINGSELFIP,10.19.67.28
F5VIP-10.19.67.20: 443,CMDBPORT,443
F5VIP-10.19.67.20: 443,ACTIVESELFIP,10.19.67.30
F5VIP-10.19.67.20: 443,STANDBYSELFIP,10.19.67.29
F5VIP-10.19.67.201: 3000,FLOATINGSELFIP,10.19.67.204
F5VIP-10.19.67.201: 3000,CMDBPORT,3000
F5VIP-10.19.67.201: 3000,ACTIVESELFIP,10.19.67.203
F5VIP-10.19.67.201: 3000,STANDBYSELFIP,10.19.67.202
F5VIP-10.19.67.201: 443,FLOATINGSELFIP,10.19.67.204
F5VIP-10.19.67.201: 443,CMDBPORT,443
F5VIP-10.19.67.201: 443,ACTIVESELFIP,10.19.67.203
F5VIP-10.19.67.201: 443,STANDBYSELFIP,10.19.67.202
F5VIP-10.19.67.201: 9301,FLOATINGSELFIP,10.19.67.204
F5VIP-10.19.67.201: 9301,CMDBPORT,9301
F5VIP-10.19.67.201: 9301,ACTIVESELFIP,10.19.67.203
F5VIP-10.19.67.201: 9301,STANDBYSELFIP,10.19.67.202
F5VIP-10.19.67.201: 9302,FLOATINGSELFIP,10.19.67.204
F5VIP-10.19.67.201: 9302,CMDBPORT,9302
F5VIP-10.19.67.201: 9302,ACTIVESELFIP,10.19.67.203
F5VIP-10.19.67.201: 9302,STANDBYSELFIP,10.19.67.202
F5VIP-10.19.67.3: 443,FLOATINGSELFIP,10.19.67.12
F5VIP-10.19.67.3: 443,CMDBPORT,443
F5VIP-10.19.67.3: 443,ACTIVESELFIP,10.19.67.14
F5VIP-10.19.67.3: 443,STANDBYSELFIP,10.19.67.13
F5VIP-10.19.67.36: 443,FLOATINGSELFIP,10.19.67.44
F5VIP-10.19.67.36: 443,CMDBPORT,443
F5VIP-10.19.67.36: 443,ACTIVESELFIP,10.19.67.45
F5VIP-10.19.67.36: 443,STANDBYSELFIP,10.19.67.46
F5VIP-10.19.67.52: 6000,FLOATINGSELFIP,10.19.67.60
F5VIP-10.19.67.52: 6000,CMDBPORT,6000
F5VIP-10.19.67.52: 6000,ACTIVESELFIP,10.19.67.62
F5VIP-10.19.67.52: 6000,STANDBYSELFIP,10.19.67.61
F5VIP-10.19.67.84: 443,FLOATINGSELFIP,10.19.67.92
F5VIP-10.19.67.84: 443,CMDBPORT,443
F5VIP-10.19.67.84: 443,ACTIVESELFIP,10.19.67.94
F5VIP-10.19.67.84: 443,STANDBYSELFIP,10.19.67.93
F5VIP-10.19.67.84: 6000,FLOATINGSELFIP,10.19.67.92
F5VIP-10.19.67.84: 6000,CMDBPORT,6000
F5VIP-10.19.67.84: 6000,ACTIVESELFIP,10.19.67.94
F5VIP-10.19.67.84: 6000,STANDBYSELFIP,10.19.67.93
F5VIP-10.19.71.36: 19005,FLOATINGSELFIP,10.19.71.39
F5VIP-10.19.71.36: 19005,CMDBPORT,19005
F5VIP-10.19.71.36: 19005,ACTIVESELFIP,10.19.71.37
F5VIP-10.19.71.36: 19005,STANDBYSELFIP,10.19.71.38
F5VIP-10.19.72.7: 443,FLOATINGSELFIP,10.19.72.6
F5VIP-10.19.72.7: 443,CMDBPORT,443
F5VIP-10.19.72.7: 443,ACTIVESELFIP,10.19.72.4
F5VIP-10.19.72.7: 443,STANDBYSELFIP,10.19.72.5
F5VIP-10.19.86.228: 443,FLOATINGSELFIP,10.19.86.236
F5VIP-10.19.86.228: 443,CMDBPORT,443
F5VIP-10.19.86.228: 443,ACTIVESELFIP,10.19.86.237
F5VIP-10.19.86.228: 443,STANDBYSELFIP,10.19.86.238
F5VIP-10.19.86.228: 6000,FLOATINGSELFIP,10.19.86.236
F5VIP-10.19.86.228: 6000,CMDBPORT,6000
F5VIP-10.19.86.228: 6000,ACTIVESELFIP,10.19.86.237
F5VIP-10.19.86.228: 6000,STANDBYSELFIP,10.19.86.238
F5VIP-10.19.86.228: 8008,FLOATINGSELFIP,10.19.86.236
F5VIP-10.19.86.228: 8008,CMDBPORT,8008
F5VIP-10.19.86.228: 8008,ACTIVESELFIP,10.19.86.237
F5VIP-10.19.86.228: 8008,STANDBYSELFIP,10.19.86.238
F5VIP-10.19.86.244: 443,FLOATINGSELFIP,10.19.86.252
F5VIP-10.19.86.244: 443,CMDBPORT,443
F5VIP-10.19.86.244: 443,ACTIVESELFIP,10.19.86.253
F5VIP-10.19.86.244: 443,STANDBYSELFIP,10.19.86.254
F5VIP-10.19.86.244: 6000,FLOATINGSELFIP,10.19.86.252
F5VIP-10.19.86.244: 6000,CMDBPORT,6000
F5VIP-10.19.86.244: 6000,ACTIVESELFIP,10.19.86.253
F5VIP-10.19.86.244: 6000,STANDBYSELFIP,10.19.86.254
F5VIP-10.19.87.8: 443,FLOATINGSELFIP,10.19.87.9
F5VIP-10.19.87.8: 443,CMDBPORT,443
F5VIP-10.19.87.8: 443,ACTIVESELFIP,10.19.87.4
F5VIP-10.19.87.8: 443,STANDBYSELFIP,10.19.87.3
F5VIP-10.19.87.8: 80,FLOATINGSELFIP,10.19.87.9
F5VIP-10.19.87.8: 80,CMDBPORT,80
F5VIP-10.19.87.8: 80,ACTIVESELFIP,10.19.87.4
F5VIP-10.19.87.8: 80,STANDBYSELFIP,10.19.87.3
F5VIP-10.19.89.139: 443,FLOATINGSELFIP,10.19.89.138
F5VIP-10.19.89.139: 443,CMDBPORT,443
F5VIP-10.19.89.139: 443,ACTIVESELFIP,10.19.89.137
F5VIP-10.19.89.139: 443,STANDBYSELFIP,10.19.89.136
F5VIP-10.190.1.100: 443,FLOATINGSELFIP,10.190.0.162
F5VIP-10.190.1.100: 443,CMDBPORT,443
F5VIP-10.190.1.100: 443,ACTIVESELFIP,10.190.0.161
F5VIP-10.190.1.100: 443,STANDBYSELFIP,10.190.0.160
F5VIP-10.190.10.7: 443,FLOATINGSELFIP,10.190.10.6
F5VIP-10.190.10.7: 443,CMDBPORT,443
F5VIP-10.190.10.7: 443,ACTIVESELFIP,10.190.10.4
F5VIP-10.190.10.7: 443,STANDBYSELFIP,10.190.10.5
F5VIP-10.190.130.118: 443,FLOATINGSELFIP,10.190.130.126
F5VIP-10.190.130.118: 443,CMDBPORT,443
F5VIP-10.190.130.118: 443,ACTIVESELFIP,10.190.130.124
F5VIP-10.190.130.118: 443,STANDBYSELFIP,10.190.130.124
F5VIP-10.190.4.199: 3443,FLOATINGSELFIP,10.190.4.202
F5VIP-10.190.4.199: 3443,CMDBPORT,3443
F5VIP-10.190.4.199: 3443,ACTIVESELFIP,10.190.4.200
F5VIP-10.190.4.199: 3443,STANDBYSELFIP,10.190.4.201
F5VIP-10.190.4.199: 443,FLOATINGSELFIP,10.190.4.202
F5VIP-10.190.4.199: 443,CMDBPORT,443
F5VIP-10.190.4.199: 443,ACTIVESELFIP,10.190.4.200
F5VIP-10.190.4.199: 443,STANDBYSELFIP,10.190.4.201
F5VIP-10.190.4.199: 4443,FLOATINGSELFIP,10.190.4.202
F5VIP-10.190.4.199: 4443,CMDBPORT,4443
F5VIP-10.190.4.199: 4443,ACTIVESELFIP,10.190.4.200
F5VIP-10.190.4.199: 4443,STANDBYSELFIP,10.190.4.201
F5VIP-10.190.4.199: 8443,FLOATINGSELFIP,10.190.4.202
F5VIP-10.190.4.199: 8443,CMDBPORT,8443
F5VIP-10.190.4.199: 8443,ACTIVESELFIP,10.190.4.200
F5VIP-10.190.4.199: 8443,STANDBYSELFIP,10.190.4.201
F5VIP-10.190.5.102: 443,FLOATINGSELFIP,10.190.5.119
F5VIP-10.190.5.102: 443,CMDBPORT,443
F5VIP-10.190.5.102: 443,ACTIVESELFIP,10.190.5.117
F5VIP-10.190.5.102: 443,STANDBYSELFIP,10.190.5.118
F5VIP-10.190.5.102: 8080,FLOATINGSELFIP,10.190.5.119
F5VIP-10.190.5.102: 8080,CMDBPORT,8080
F5VIP-10.190.5.102: 8080,ACTIVESELFIP,10.190.5.117
F5VIP-10.190.5.102: 8080,STANDBYSELFIP,10.190.5.118
F5VIP-10.190.5.116: 443,FLOATINGSELFIP,10.190.5.119
F5VIP-10.190.5.116: 443,CMDBPORT,443
F5VIP-10.190.5.116: 443,ACTIVESELFIP,10.190.5.117
F5VIP-10.190.5.116: 443,STANDBYSELFIP,10.190.5.118
F5VIP-10.190.5.116: 80,FLOATINGSELFIP,10.190.5.119
F5VIP-10.190.5.116: 80,CMDBPORT,80
F5VIP-10.190.5.116: 80,ACTIVESELFIP,10.190.5.117
F5VIP-10.190.5.116: 80,STANDBYSELFIP,10.190.5.118
F5VIP-10.190.5.135: 10062,FLOATINGSELFIP,10.190.5.138
F5VIP-10.190.5.135: 10062,CMDBPORT,10062
F5VIP-10.190.5.135: 10062,ACTIVESELFIP,10.190.5.137
F5VIP-10.190.5.135: 10062,STANDBYSELFIP,10.190.5.136
F5VIP-10.190.5.135: 10520,FLOATINGSELFIP,10.190.5.138
F5VIP-10.190.5.135: 10520,CMDBPORT,10520
F5VIP-10.190.5.135: 10520,ACTIVESELFIP,10.190.5.137
F5VIP-10.190.5.135: 10520,STANDBYSELFIP,10.190.5.136
F5VIP-10.190.5.135: 10521,FLOATINGSELFIP,10.190.5.138
F5VIP-10.190.5.135: 10521,CMDBPORT,10521
F5VIP-10.190.5.135: 10521,ACTIVESELFIP,10.190.5.137
F5VIP-10.190.5.135: 10521,STANDBYSELFIP,10.190.5.136
F5VIP-10.190.5.135: 10522,FLOATINGSELFIP,10.190.5.138
F5VIP-10.190.5.135: 10522,CMDBPORT,10522
F5VIP-10.190.5.135: 10522,ACTIVESELFIP,10.190.5.137
F5VIP-10.190.5.135: 10522,STANDBYSELFIP,10.190.5.136
F5VIP-10.190.5.135: 34001,FLOATINGSELFIP,10.190.5.138
F5VIP-10.190.5.135: 34001,CMDBPORT,34001
F5VIP-10.190.5.135: 34001,ACTIVESELFIP,10.190.5.137
F5VIP-10.190.5.135: 34001,STANDBYSELFIP,10.190.5.136
F5VIP-10.190.5.135: 34987,FLOATINGSELFIP,10.190.5.138
F5VIP-10.190.5.135: 34987,CMDBPORT,34987
F5VIP-10.190.5.135: 34987,ACTIVESELFIP,10.190.5.137
F5VIP-10.190.5.135: 34987,STANDBYSELFIP,10.190.5.136
F5VIP-10.190.5.135: 34988,FLOATINGSELFIP,10.190.5.138
F5VIP-10.190.5.135: 34988,CMDBPORT,34988
F5VIP-10.190.5.135: 34988,ACTIVESELFIP,10.190.5.137
F5VIP-10.190.5.135: 34988,STANDBYSELFIP,10.190.5.136
F5VIP-10.190.5.135: 36363,FLOATINGSELFIP,10.190.5.138
F5VIP-10.190.5.135: 36363,CMDBPORT,36363
F5VIP-10.190.5.135: 36363,ACTIVESELFIP,10.190.5.137
F5VIP-10.190.5.135: 36363,STANDBYSELFIP,10.190.5.136
F5VIP-10.190.5.135: 443,FLOATINGSELFIP,10.190.5.138
F5VIP-10.190.5.135: 443,CMDBPORT,443
F5VIP-10.190.5.135: 443,ACTIVESELFIP,10.190.5.137
F5VIP-10.190.5.135: 443,STANDBYSELFIP,10.190.5.136
F5VIP-10.190.5.135: 80,FLOATINGSELFIP,10.190.5.138
F5VIP-10.190.5.135: 80,CMDBPORT,80
F5VIP-10.190.5.135: 80,ACTIVESELFIP,10.190.5.137
F5VIP-10.190.5.135: 80,STANDBYSELFIP,10.190.5.136
F5VIP-10.190.6.199: 443,FLOATINGSELFIP,10.190.6.203
F5VIP-10.190.6.199: 443,CMDBPORT,443
F5VIP-10.190.6.199: 443,ACTIVESELFIP,10.190.6.205
F5VIP-10.190.6.199: 443,STANDBYSELFIP,10.190.6.204
F5VIP-10.190.6.199: 8443,FLOATINGSELFIP,10.190.6.203
F5VIP-10.190.6.199: 8443,CMDBPORT,8443
F5VIP-10.190.6.199: 8443,ACTIVESELFIP,10.190.6.205
F5VIP-10.190.6.199: 8443,STANDBYSELFIP,10.190.6.204
F5VIP-10.190.6.39: 3443,FLOATINGSELFIP,10.190.6.42
F5VIP-10.190.6.39: 3443,CMDBPORT,3443
F5VIP-10.190.6.39: 3443,ACTIVESELFIP,10.190.6.40
F5VIP-10.190.6.39: 3443,STANDBYSELFIP,10.190.6.41
F5VIP-10.190.6.39: 443,FLOATINGSELFIP,10.190.6.42
F5VIP-10.190.6.39: 443,CMDBPORT,443
F5VIP-10.190.6.39: 443,ACTIVESELFIP,10.190.6.40
F5VIP-10.190.6.39: 443,STANDBYSELFIP,10.190.6.41
F5VIP-10.190.6.39: 4443,FLOATINGSELFIP,10.190.6.42
F5VIP-10.190.6.39: 4443,CMDBPORT,4443
F5VIP-10.190.6.39: 4443,ACTIVESELFIP,10.190.6.40
F5VIP-10.190.6.39: 4443,STANDBYSELFIP,10.190.6.41
F5VIP-10.190.6.39: 5443,FLOATINGSELFIP,10.190.6.42
F5VIP-10.190.6.39: 5443,CMDBPORT,5443
F5VIP-10.190.6.39: 5443,ACTIVESELFIP,10.190.6.40
F5VIP-10.190.6.39: 5443,STANDBYSELFIP,10.190.6.41
F5VIP-10.190.6.39: 6443,FLOATINGSELFIP,10.190.6.42
F5VIP-10.190.6.39: 6443,CMDBPORT,6443
F5VIP-10.190.6.39: 6443,ACTIVESELFIP,10.190.6.40
F5VIP-10.190.6.39: 6443,STANDBYSELFIP,10.190.6.41
F5VIP-10.190.6.39: 7080,FLOATINGSELFIP,10.190.6.42
F5VIP-10.190.6.39: 7080,CMDBPORT,7080
F5VIP-10.190.6.39: 7080,ACTIVESELFIP,10.190.6.40
F5VIP-10.190.6.39: 7080,STANDBYSELFIP,10.190.6.41
F5VIP-10.190.6.39: 7443,FLOATINGSELFIP,10.190.6.42
F5VIP-10.190.6.39: 7443,CMDBPORT,7443
F5VIP-10.190.6.39: 7443,ACTIVESELFIP,10.190.6.40
F5VIP-10.190.6.39: 7443,STANDBYSELFIP,10.190.6.41
F5VIP-10.190.6.39: 80,FLOATINGSELFIP,10.190.6.42
F5VIP-10.190.6.39: 80,CMDBPORT,80
F5VIP-10.190.6.39: 80,ACTIVESELFIP,10.190.6.40
F5VIP-10.190.6.39: 80,STANDBYSELFIP,10.190.6.41
F5VIP-10.190.6.39: 8090,FLOATINGSELFIP,10.190.6.42
F5VIP-10.190.6.39: 8090,CMDBPORT,8090
F5VIP-10.190.6.39: 8090,ACTIVESELFIP,10.190.6.40
F5VIP-10.190.6.39: 8090,STANDBYSELFIP,10.190.6.41
F5VIP-10.190.6.39: 8443,FLOATINGSELFIP,10.190.6.42
F5VIP-10.190.6.39: 8443,CMDBPORT,8443
F5VIP-10.190.6.39: 8443,ACTIVESELFIP,10.190.6.40
F5VIP-10.190.6.39: 8443,STANDBYSELFIP,10.190.6.41
F5VIP-10.190.6.39: 9443,FLOATINGSELFIP,10.190.6.42
F5VIP-10.190.6.39: 9443,CMDBPORT,9443
F5VIP-10.190.6.39: 9443,ACTIVESELFIP,10.190.6.40
F5VIP-10.190.6.39: 9443,STANDBYSELFIP,10.190.6.41
F5VIP-10.190.7.199: 443,FLOATINGSELFIP,10.190.7.198
F5VIP-10.190.7.199: 443,CMDBPORT,443
F5VIP-10.190.7.199: 443,ACTIVESELFIP,10.190.7.197
F5VIP-10.190.7.199: 443,STANDBYSELFIP,10.190.7.196
F5VIP-10.20.126.29: 22623,FLOATINGSELFIP,10.20.126.28
F5VIP-10.20.126.29: 22623,CMDBPORT,22623
F5VIP-10.20.126.29: 22623,ACTIVESELFIP,10.20.126.27
F5VIP-10.20.126.29: 22623,STANDBYSELFIP,10.20.126.28
F5VIP-10.20.126.30: 80,FLOATINGSELFIP,10.20.126.28
F5VIP-10.20.126.30: 80,CMDBPORT,80
F5VIP-10.20.126.30: 80,ACTIVESELFIP,10.20.126.27
F5VIP-10.20.126.30: 80,STANDBYSELFIP,10.20.126.28
F5VIP-10.20.126.58: 7800,FLOATINGSELFIP,10.20.126.28
F5VIP-10.20.126.58: 7800,CMDBPORT,7800
F5VIP-10.20.126.58: 7800,ACTIVESELFIP,10.20.126.27
F5VIP-10.20.126.58: 7800,STANDBYSELFIP,10.20.126.26
F5VIP-10.20.127.36: 443,FLOATINGSELFIP,10.20.127.39
F5VIP-10.20.127.36: 443,CMDBPORT,443
F5VIP-10.20.127.36: 443,ACTIVESELFIP,10.20.127.37
F5VIP-10.20.127.36: 443,STANDBYSELFIP,10.20.127.38
F5VIP-10.20.128.227: 443,FLOATINGSELFIP,10.20.128.238
F5VIP-10.20.128.227: 443,CMDBPORT,443
F5VIP-10.20.128.227: 443,ACTIVESELFIP,10.20.128.237
F5VIP-10.20.128.227: 443,STANDBYSELFIP,10.20.128.236
F5VIP-10.20.128.227: 80,FLOATINGSELFIP,10.20.128.238
F5VIP-10.20.128.227: 80,CMDBPORT,80
F5VIP-10.20.128.227: 80,ACTIVESELFIP,10.20.128.237
F5VIP-10.20.128.227: 80,STANDBYSELFIP,10.20.128.236
F5VIP-10.20.128.235: 443,FLOATINGSELFIP,10.20.128.238
F5VIP-10.20.128.235: 443,CMDBPORT,443
F5VIP-10.20.128.235: 443,ACTIVESELFIP,10.20.128.237
F5VIP-10.20.128.235: 443,STANDBYSELFIP,10.20.128.236
F5VIP-10.20.129.109: 17848,FLOATINGSELFIP,10.20.129.102
F5VIP-10.20.129.109: 17848,CMDBPORT,17848
F5VIP-10.20.129.109: 17848,ACTIVESELFIP,10.20.129.100
F5VIP-10.20.129.109: 17848,STANDBYSELFIP,10.20.129.101
F5VIP-10.20.129.151: 7801,FLOATINGSELFIP,10.20.129.139
F5VIP-10.20.129.151: 7801,CMDBPORT,7801
F5VIP-10.20.129.151: 7801,ACTIVESELFIP,10.20.129.137
F5VIP-10.20.129.151: 7801,STANDBYSELFIP,10.20.129.138
F5VIP-10.20.129.151: 7802,FLOATINGSELFIP,10.20.129.139
F5VIP-10.20.129.151: 7802,CMDBPORT,7802
F5VIP-10.20.129.151: 7802,ACTIVESELFIP,10.20.129.137
F5VIP-10.20.129.151: 7802,STANDBYSELFIP,10.20.129.138
F5VIP-10.20.129.152: 443,FLOATINGSELFIP,10.20.129.139
F5VIP-10.20.129.152: 443,CMDBPORT,443
F5VIP-10.20.129.152: 443,ACTIVESELFIP,10.20.129.137
F5VIP-10.20.129.152: 443,STANDBYSELFIP,10.20.129.138
F5VIP-10.20.129.152: 80,FLOATINGSELFIP,10.20.129.139
F5VIP-10.20.129.152: 80,CMDBPORT,80
F5VIP-10.20.129.152: 80,ACTIVESELFIP,10.20.129.137
F5VIP-10.20.129.152: 80,STANDBYSELFIP,10.20.129.138
F5VIP-10.20.129.197: 443,FLOATINGSELFIP,10.20.129.200
F5VIP-10.20.129.197: 443,CMDBPORT,443
F5VIP-10.20.129.197: 443,ACTIVESELFIP,10.20.129.198
F5VIP-10.20.129.197: 443,STANDBYSELFIP,10.20.129.199
F5VIP-10.20.129.20: 443,FLOATINGSELFIP,10.20.129.27
F5VIP-10.20.129.20: 443,CMDBPORT,443
F5VIP-10.20.129.20: 443,ACTIVESELFIP,10.20.129.26
F5VIP-10.20.129.20: 443,STANDBYSELFIP,10.20.129.25
F5VIP-10.20.129.20: 80,FLOATINGSELFIP,10.20.129.27
F5VIP-10.20.129.20: 80,CMDBPORT,80
F5VIP-10.20.129.20: 80,ACTIVESELFIP,10.20.129.26
F5VIP-10.20.129.20: 80,STANDBYSELFIP,10.20.129.25
F5VIP-10.20.129.60: 17800,FLOATINGSELFIP,10.20.129.39
F5VIP-10.20.129.60: 17800,CMDBPORT,17800
F5VIP-10.20.129.60: 17800,ACTIVESELFIP,10.20.129.61
F5VIP-10.20.129.60: 17800,STANDBYSELFIP,10.20.129.62
F5VIP-10.20.129.60: 17801,FLOATINGSELFIP,10.20.129.39
F5VIP-10.20.129.60: 17801,CMDBPORT,17801
F5VIP-10.20.129.60: 17801,ACTIVESELFIP,10.20.129.61
F5VIP-10.20.129.60: 17801,STANDBYSELFIP,10.20.129.62
F5VIP-10.20.129.60: 17802,FLOATINGSELFIP,10.20.129.39
F5VIP-10.20.129.60: 17802,CMDBPORT,17802
F5VIP-10.20.129.60: 17802,ACTIVESELFIP,10.20.129.61
F5VIP-10.20.129.60: 17802,STANDBYSELFIP,10.20.129.62
F5VIP-10.20.129.60: 17803,FLOATINGSELFIP,10.20.129.39
F5VIP-10.20.129.60: 17803,CMDBPORT,17803
F5VIP-10.20.129.60: 17803,ACTIVESELFIP,10.20.129.61
F5VIP-10.20.129.60: 17803,STANDBYSELFIP,10.20.129.62
F5VIP-10.20.129.60: 17804,FLOATINGSELFIP,10.20.129.39
F5VIP-10.20.129.60: 17804,CMDBPORT,17804
F5VIP-10.20.129.60: 17804,ACTIVESELFIP,10.20.129.61
F5VIP-10.20.129.60: 17804,STANDBYSELFIP,10.20.129.62
F5VIP-10.20.129.60: 17805,FLOATINGSELFIP,10.20.129.39
F5VIP-10.20.129.60: 17805,CMDBPORT,17805
F5VIP-10.20.129.60: 17805,ACTIVESELFIP,10.20.129.61
F5VIP-10.20.129.60: 17805,STANDBYSELFIP,10.20.129.62
F5VIP-10.20.129.60: 17806,FLOATINGSELFIP,10.20.129.39
F5VIP-10.20.129.60: 17806,CMDBPORT,17806
F5VIP-10.20.129.60: 17806,ACTIVESELFIP,10.20.129.61
F5VIP-10.20.129.60: 17806,STANDBYSELFIP,10.20.129.62
F5VIP-10.20.129.60: 17807,FLOATINGSELFIP,10.20.129.39
F5VIP-10.20.129.60: 17807,CMDBPORT,17807
F5VIP-10.20.129.60: 17807,ACTIVESELFIP,10.20.129.61
F5VIP-10.20.129.60: 17807,STANDBYSELFIP,10.20.129.62
F5VIP-10.20.129.60: 17808,FLOATINGSELFIP,10.20.129.39
F5VIP-10.20.129.60: 17808,CMDBPORT,17808
F5VIP-10.20.129.60: 17808,ACTIVESELFIP,10.20.129.61
F5VIP-10.20.129.60: 17808,STANDBYSELFIP,10.20.129.62
F5VIP-10.20.129.60: 17809,FLOATINGSELFIP,10.20.129.39
F5VIP-10.20.129.60: 17809,CMDBPORT,17809
F5VIP-10.20.129.60: 17809,ACTIVESELFIP,10.20.129.61
F5VIP-10.20.129.60: 17809,STANDBYSELFIP,10.20.129.62
F5VIP-10.20.129.60: 17810,FLOATINGSELFIP,10.20.129.39
F5VIP-10.20.129.60: 17810,CMDBPORT,17810
F5VIP-10.20.129.60: 17810,ACTIVESELFIP,10.20.129.61
F5VIP-10.20.129.60: 17810,STANDBYSELFIP,10.20.129.62
F5VIP-10.20.129.60: 17811,FLOATINGSELFIP,10.20.129.39
F5VIP-10.20.129.60: 17811,CMDBPORT,17811
F5VIP-10.20.129.60: 17811,ACTIVESELFIP,10.20.129.61
F5VIP-10.20.129.60: 17811,STANDBYSELFIP,10.20.129.62
F5VIP-10.20.129.60: 17812,FLOATINGSELFIP,10.20.129.39
F5VIP-10.20.129.60: 17812,CMDBPORT,17812
F5VIP-10.20.129.60: 17812,ACTIVESELFIP,10.20.129.61
F5VIP-10.20.129.60: 17812,STANDBYSELFIP,10.20.129.62
F5VIP-10.20.129.60: 17814,FLOATINGSELFIP,10.20.129.39
F5VIP-10.20.129.60: 17814,CMDBPORT,17814
F5VIP-10.20.129.60: 17814,ACTIVESELFIP,10.20.129.61
F5VIP-10.20.129.60: 17814,STANDBYSELFIP,10.20.129.62
F5VIP-10.20.129.60: 17815,FLOATINGSELFIP,10.20.129.39
F5VIP-10.20.129.60: 17815,CMDBPORT,17815
F5VIP-10.20.129.60: 17815,ACTIVESELFIP,10.20.129.61
F5VIP-10.20.129.60: 17815,STANDBYSELFIP,10.20.129.62
F5VIP-10.20.129.60: 17816,FLOATINGSELFIP,10.20.129.39
F5VIP-10.20.129.60: 17816,CMDBPORT,17816
F5VIP-10.20.129.60: 17816,ACTIVESELFIP,10.20.129.61
F5VIP-10.20.129.60: 17816,STANDBYSELFIP,10.20.129.62
F5VIP-10.20.129.60: 17817,FLOATINGSELFIP,10.20.129.39
F5VIP-10.20.129.60: 17817,CMDBPORT,17817
F5VIP-10.20.129.60: 17817,ACTIVESELFIP,10.20.129.61
F5VIP-10.20.129.60: 17817,STANDBYSELFIP,10.20.129.62
F5VIP-10.20.129.60: 17818,FLOATINGSELFIP,10.20.129.39
F5VIP-10.20.129.60: 17818,CMDBPORT,17818
F5VIP-10.20.129.60: 17818,ACTIVESELFIP,10.20.129.61
F5VIP-10.20.129.60: 17818,STANDBYSELFIP,10.20.129.62
F5VIP-10.20.129.60: 17819,FLOATINGSELFIP,10.20.129.39
F5VIP-10.20.129.60: 17819,CMDBPORT,17819
F5VIP-10.20.129.60: 17819,ACTIVESELFIP,10.20.129.61
F5VIP-10.20.129.60: 17819,STANDBYSELFIP,10.20.129.62
F5VIP-10.20.129.60: 17820,FLOATINGSELFIP,10.20.129.39
F5VIP-10.20.129.60: 17820,CMDBPORT,17820
F5VIP-10.20.129.60: 17820,ACTIVESELFIP,10.20.129.61
F5VIP-10.20.129.60: 17820,STANDBYSELFIP,10.20.129.62
F5VIP-10.20.129.60: 17821,FLOATINGSELFIP,10.20.129.39
F5VIP-10.20.129.60: 17821,CMDBPORT,17821
F5VIP-10.20.129.60: 17821,ACTIVESELFIP,10.20.129.61
F5VIP-10.20.129.60: 17821,STANDBYSELFIP,10.20.129.62
F5VIP-10.20.129.60: 17822,FLOATINGSELFIP,10.20.129.39
F5VIP-10.20.129.60: 17822,CMDBPORT,17822
F5VIP-10.20.129.60: 17822,ACTIVESELFIP,10.20.129.61
F5VIP-10.20.129.60: 17822,STANDBYSELFIP,10.20.129.62
F5VIP-10.20.129.60: 17823,FLOATINGSELFIP,10.20.129.39
F5VIP-10.20.129.60: 17823,CMDBPORT,17823
F5VIP-10.20.129.60: 17823,ACTIVESELFIP,10.20.129.61
F5VIP-10.20.129.60: 17823,STANDBYSELFIP,10.20.129.62
F5VIP-10.20.129.60: 17824,FLOATINGSELFIP,10.20.129.39
F5VIP-10.20.129.60: 17824,CMDBPORT,17824
F5VIP-10.20.129.60: 17824,ACTIVESELFIP,10.20.129.61
F5VIP-10.20.129.60: 17824,STANDBYSELFIP,10.20.129.62
F5VIP-10.20.129.60: 17825,FLOATINGSELFIP,10.20.129.39
F5VIP-10.20.129.60: 17825,CMDBPORT,17825
F5VIP-10.20.129.60: 17825,ACTIVESELFIP,10.20.129.61
F5VIP-10.20.129.60: 17825,STANDBYSELFIP,10.20.129.62
F5VIP-10.20.129.60: 17826,FLOATINGSELFIP,10.20.129.39
F5VIP-10.20.129.60: 17826,CMDBPORT,17826
F5VIP-10.20.129.60: 17826,ACTIVESELFIP,10.20.129.61
F5VIP-10.20.129.60: 17826,STANDBYSELFIP,10.20.129.62
F5VIP-10.20.129.60: 17827,FLOATINGSELFIP,10.20.129.39
F5VIP-10.20.129.60: 17827,CMDBPORT,17827
F5VIP-10.20.129.60: 17827,ACTIVESELFIP,10.20.129.61
F5VIP-10.20.129.60: 17827,STANDBYSELFIP,10.20.129.62
F5VIP-10.20.129.60: 17828,FLOATINGSELFIP,10.20.129.39
F5VIP-10.20.129.60: 17828,CMDBPORT,17828
F5VIP-10.20.129.60: 17828,ACTIVESELFIP,10.20.129.61
F5VIP-10.20.129.60: 17828,STANDBYSELFIP,10.20.129.62
F5VIP-10.20.129.60: 17829,FLOATINGSELFIP,10.20.129.39
F5VIP-10.20.129.60: 17829,CMDBPORT,17829
F5VIP-10.20.129.60: 17829,ACTIVESELFIP,10.20.129.61
F5VIP-10.20.129.60: 17829,STANDBYSELFIP,10.20.129.62
F5VIP-10.20.129.60: 17830,FLOATINGSELFIP,10.20.129.39
F5VIP-10.20.129.60: 17830,CMDBPORT,17830
F5VIP-10.20.129.60: 17830,ACTIVESELFIP,10.20.129.61
F5VIP-10.20.129.60: 17830,STANDBYSELFIP,10.20.129.62
F5VIP-10.20.129.60: 17831,FLOATINGSELFIP,10.20.129.39
F5VIP-10.20.129.60: 17831,CMDBPORT,17831
F5VIP-10.20.129.60: 17831,ACTIVESELFIP,10.20.129.61
F5VIP-10.20.129.60: 17831,STANDBYSELFIP,10.20.129.62
F5VIP-10.20.129.60: 17832,FLOATINGSELFIP,10.20.129.39
F5VIP-10.20.129.60: 17832,CMDBPORT,17832
F5VIP-10.20.129.60: 17832,ACTIVESELFIP,10.20.129.61
F5VIP-10.20.129.60: 17832,STANDBYSELFIP,10.20.129.62
F5VIP-10.20.129.60: 17833,FLOATINGSELFIP,10.20.129.39
F5VIP-10.20.129.60: 17833,CMDBPORT,17833
F5VIP-10.20.129.60: 17833,ACTIVESELFIP,10.20.129.61
F5VIP-10.20.129.60: 17833,STANDBYSELFIP,10.20.129.62
F5VIP-10.20.129.60: 17834,FLOATINGSELFIP,10.20.129.39
F5VIP-10.20.129.60: 17834,CMDBPORT,17834
F5VIP-10.20.129.60: 17834,ACTIVESELFIP,10.20.129.61
F5VIP-10.20.129.60: 17834,STANDBYSELFIP,10.20.129.62
F5VIP-10.20.129.60: 17835,FLOATINGSELFIP,10.20.129.39
F5VIP-10.20.129.60: 17835,CMDBPORT,17835
F5VIP-10.20.129.60: 17835,ACTIVESELFIP,10.20.129.61
F5VIP-10.20.129.60: 17835,STANDBYSELFIP,10.20.129.62
F5VIP-10.20.129.60: 17836,FLOATINGSELFIP,10.20.129.39
F5VIP-10.20.129.60: 17836,CMDBPORT,17836
F5VIP-10.20.129.60: 17836,ACTIVESELFIP,10.20.129.61
F5VIP-10.20.129.60: 17836,STANDBYSELFIP,10.20.129.62
F5VIP-10.20.129.60: 17837,FLOATINGSELFIP,10.20.129.39
F5VIP-10.20.129.60: 17837,CMDBPORT,17837
F5VIP-10.20.129.60: 17837,ACTIVESELFIP,10.20.129.61
F5VIP-10.20.129.60: 17837,STANDBYSELFIP,10.20.129.62
F5VIP-10.20.129.60: 17838,FLOATINGSELFIP,10.20.129.39
F5VIP-10.20.129.60: 17838,CMDBPORT,17838
F5VIP-10.20.129.60: 17838,ACTIVESELFIP,10.20.129.61
F5VIP-10.20.129.60: 17838,STANDBYSELFIP,10.20.129.62
F5VIP-10.20.129.60: 17839,FLOATINGSELFIP,10.20.129.39
F5VIP-10.20.129.60: 17839,CMDBPORT,17839
F5VIP-10.20.129.60: 17839,ACTIVESELFIP,10.20.129.61
F5VIP-10.20.129.60: 17839,STANDBYSELFIP,10.20.129.62
F5VIP-10.20.129.60: 17840,FLOATINGSELFIP,10.20.129.39
F5VIP-10.20.129.60: 17840,CMDBPORT,17840
F5VIP-10.20.129.60: 17840,ACTIVESELFIP,10.20.129.61
F5VIP-10.20.129.60: 17840,STANDBYSELFIP,10.20.129.62
F5VIP-10.20.129.60: 17841,FLOATINGSELFIP,10.20.129.39
F5VIP-10.20.129.60: 17841,CMDBPORT,17841
F5VIP-10.20.129.60: 17841,ACTIVESELFIP,10.20.129.61
F5VIP-10.20.129.60: 17841,STANDBYSELFIP,10.20.129.62
F5VIP-10.20.129.60: 17842,FLOATINGSELFIP,10.20.129.39
F5VIP-10.20.129.60: 17842,CMDBPORT,17842
F5VIP-10.20.129.60: 17842,ACTIVESELFIP,10.20.129.61
F5VIP-10.20.129.60: 17842,STANDBYSELFIP,10.20.129.62
F5VIP-10.20.129.60: 17843,FLOATINGSELFIP,10.20.129.39
F5VIP-10.20.129.60: 17843,CMDBPORT,17843
F5VIP-10.20.129.60: 17843,ACTIVESELFIP,10.20.129.61
F5VIP-10.20.129.60: 17843,STANDBYSELFIP,10.20.129.62
F5VIP-10.20.129.60: 17844,FLOATINGSELFIP,10.20.129.39
F5VIP-10.20.129.60: 17844,CMDBPORT,17844
F5VIP-10.20.129.60: 17844,ACTIVESELFIP,10.20.129.61
F5VIP-10.20.129.60: 17844,STANDBYSELFIP,10.20.129.62
F5VIP-10.20.129.60: 17845,FLOATINGSELFIP,10.20.129.39
F5VIP-10.20.129.60: 17845,CMDBPORT,17845
F5VIP-10.20.129.60: 17845,ACTIVESELFIP,10.20.129.61
F5VIP-10.20.129.60: 17845,STANDBYSELFIP,10.20.129.62
F5VIP-10.20.129.60: 17846,FLOATINGSELFIP,10.20.129.39
F5VIP-10.20.129.60: 17846,CMDBPORT,17846
F5VIP-10.20.129.60: 17846,ACTIVESELFIP,10.20.129.61
F5VIP-10.20.129.60: 17846,STANDBYSELFIP,10.20.129.62
F5VIP-10.20.129.60: 17847,FLOATINGSELFIP,10.20.129.39
F5VIP-10.20.129.60: 17847,CMDBPORT,17847
F5VIP-10.20.129.60: 17847,ACTIVESELFIP,10.20.129.61
F5VIP-10.20.129.60: 17847,STANDBYSELFIP,10.20.129.62
F5VIP-10.20.129.60: 17848,FLOATINGSELFIP,10.20.129.39
F5VIP-10.20.129.60: 17848,CMDBPORT,17848
F5VIP-10.20.129.60: 17848,ACTIVESELFIP,10.20.129.61
F5VIP-10.20.129.60: 17848,STANDBYSELFIP,10.20.129.62
F5VIP-10.20.129.60: 17849,FLOATINGSELFIP,10.20.129.39
F5VIP-10.20.129.60: 17849,CMDBPORT,17849
F5VIP-10.20.129.60: 17849,ACTIVESELFIP,10.20.129.61
F5VIP-10.20.129.60: 17849,STANDBYSELFIP,10.20.129.62
F5VIP-10.20.129.60: 17850,FLOATINGSELFIP,10.20.129.39
F5VIP-10.20.129.60: 17850,CMDBPORT,17850
F5VIP-10.20.129.60: 17850,ACTIVESELFIP,10.20.129.61
F5VIP-10.20.129.60: 17850,STANDBYSELFIP,10.20.129.62
F5VIP-10.20.129.60: 19826,FLOATINGSELFIP,10.20.129.39
F5VIP-10.20.129.60: 19826,CMDBPORT,19826
F5VIP-10.20.129.60: 19826,ACTIVESELFIP,10.20.129.61
F5VIP-10.20.129.60: 19826,STANDBYSELFIP,10.20.129.62
F5VIP-10.20.20.88: 443,FLOATINGSELFIP,10.20.20.85
F5VIP-10.20.20.88: 443,CMDBPORT,443
F5VIP-10.20.20.88: 443,ACTIVESELFIP,10.20.20.83
F5VIP-10.20.20.88: 443,STANDBYSELFIP,10.20.20.84
F5VIP-10.20.20.88: 80,FLOATINGSELFIP,10.20.20.85
F5VIP-10.20.20.88: 80,CMDBPORT,80
F5VIP-10.20.20.88: 80,ACTIVESELFIP,10.20.20.83
F5VIP-10.20.20.88: 80,STANDBYSELFIP,10.20.20.84
F5VIP-10.20.21.104: 443,FLOATINGSELFIP,10.20.21.103
F5VIP-10.20.21.104: 443,CMDBPORT,443
F5VIP-10.20.21.104: 443,ACTIVESELFIP,10.20.21.101
F5VIP-10.20.21.104: 443,STANDBYSELFIP,10.20.21.102
F5VIP-10.20.21.104: 8443,FLOATINGSELFIP,10.20.21.103
F5VIP-10.20.21.104: 8443,CMDBPORT,8443
F5VIP-10.20.21.104: 8443,ACTIVESELFIP,10.20.21.101
F5VIP-10.20.21.104: 8443,STANDBYSELFIP,10.20.21.102
F5VIP-10.20.21.70: 443,FLOATINGSELFIP,10.20.21.69
F5VIP-10.20.21.70: 443,CMDBPORT,443
F5VIP-10.20.21.70: 443,ACTIVESELFIP,10.20.21.71
F5VIP-10.20.21.70: 443,STANDBYSELFIP,10.20.21.72
F5VIP-10.20.21.70: 8443,FLOATINGSELFIP,10.20.21.69
F5VIP-10.20.21.70: 8443,CMDBPORT,8443
F5VIP-10.20.21.70: 8443,ACTIVESELFIP,10.20.21.71
F5VIP-10.20.21.70: 8443,STANDBYSELFIP,10.20.21.72
F5VIP-10.22.246.135: 443,FLOATINGSELFIP,10.22.246.133
F5VIP-10.22.246.135: 443,CMDBPORT,443
F5VIP-10.22.246.135: 443,ACTIVESELFIP,10.22.246.136
F5VIP-10.22.246.135: 443,STANDBYSELFIP,10.22.246.134
F5VIP-10.22.246.70: 443,FLOATINGSELFIP,10.22.246.72
F5VIP-10.22.246.70: 443,CMDBPORT,443
F5VIP-10.22.246.70: 443,ACTIVESELFIP,10.22.246.73
F5VIP-10.22.246.70: 443,STANDBYSELFIP,10.22.246.71
F5VIP-10.22.247.20: 443,FLOATINGSELFIP,10.22.247.21
F5VIP-10.22.247.20: 443,CMDBPORT,443
F5VIP-10.22.247.20: 443,ACTIVESELFIP,10.22.247.23
F5VIP-10.22.247.20: 443,STANDBYSELFIP,10.22.247.22
F5VIP-10.22.247.20: 8443,FLOATINGSELFIP,10.22.247.21
F5VIP-10.22.247.20: 8443,CMDBPORT,8443
F5VIP-10.22.247.20: 8443,ACTIVESELFIP,10.22.247.23
F5VIP-10.22.247.20: 8443,STANDBYSELFIP,10.22.247.22
F5VIP-10.22.75.165: 443,FLOATINGSELFIP,10.22.75.166
F5VIP-10.22.75.165: 443,CMDBPORT,443
F5VIP-10.22.75.165: 443,ACTIVESELFIP,10.22.75.168
F5VIP-10.22.75.165: 443,STANDBYSELFIP,10.22.75.167
F5VIP-10.22.75.6: 443,FLOATINGSELFIP,10.22.75.7
F5VIP-10.22.75.6: 443,CMDBPORT,443
F5VIP-10.22.75.6: 443,ACTIVESELFIP,10.22.75.9
F5VIP-10.22.75.6: 443,STANDBYSELFIP,10.22.75.8
F5VIP-10.22.75.6: 5672,FLOATINGSELFIP,10.22.75.7
F5VIP-10.22.75.6: 5672,CMDBPORT,5672
F5VIP-10.22.75.6: 5672,ACTIVESELFIP,10.22.75.9
F5VIP-10.22.75.6: 5672,STANDBYSELFIP,10.22.75.6
F5VIP-10.22.76.40: 443,FLOATINGSELFIP,10.22.76.41
F5VIP-10.22.76.40: 443,CMDBPORT,443
F5VIP-10.22.76.40: 443,ACTIVESELFIP,10.22.76.43
F5VIP-10.22.76.40: 443,STANDBYSELFIP,10.22.76.42
F5VIP-10.22.92.4: 3443,FLOATINGSELFIP,10.22.92.5
F5VIP-10.22.92.4: 3443,CMDBPORT,3443
F5VIP-10.22.92.4: 3443,ACTIVESELFIP,10.22.92.7
F5VIP-10.22.92.4: 3443,STANDBYSELFIP,10.22.92.6
F5VIP-10.22.92.4: 35063,FLOATINGSELFIP,10.22.92.5
F5VIP-10.22.92.4: 35063,CMDBPORT,35063
F5VIP-10.22.92.4: 35063,ACTIVESELFIP,10.22.92.7
F5VIP-10.22.92.4: 35063,STANDBYSELFIP,10.22.92.6
F5VIP-10.22.92.4: 35100,FLOATINGSELFIP,10.22.92.5
F5VIP-10.22.92.4: 35100,CMDBPORT,35100
F5VIP-10.22.92.4: 35100,ACTIVESELFIP,10.22.92.7
F5VIP-10.22.92.4: 35100,STANDBYSELFIP,10.22.92.6
F5VIP-10.22.92.4: 35101,FLOATINGSELFIP,10.22.92.5
F5VIP-10.22.92.4: 35101,CMDBPORT,35101
F5VIP-10.22.92.4: 35101,ACTIVESELFIP,10.22.92.7
F5VIP-10.22.92.4: 35101,STANDBYSELFIP,10.22.92.6
F5VIP-10.22.92.4: 35103,FLOATINGSELFIP,10.22.92.5
F5VIP-10.22.92.4: 35103,CMDBPORT,35103
F5VIP-10.22.92.4: 35103,ACTIVESELFIP,10.22.92.7
F5VIP-10.22.92.4: 35103,STANDBYSELFIP,10.22.92.6
F5VIP-10.22.92.4: 443,FLOATINGSELFIP,10.22.92.5
F5VIP-10.22.92.4: 443,CMDBPORT,443
F5VIP-10.22.92.4: 443,ACTIVESELFIP,10.22.92.7
F5VIP-10.22.92.4: 443,STANDBYSELFIP,10.22.92.6
F5VIP-10.22.92.4: 80,FLOATINGSELFIP,10.22.92.5
F5VIP-10.22.92.4: 80,CMDBPORT,80
F5VIP-10.22.92.4: 80,ACTIVESELFIP,10.22.92.7
F5VIP-10.22.92.4: 80,STANDBYSELFIP,10.22.92.6
WAFVIP-10.190.250.10,CMDBWAFVIPMODE,Blocking
WAFVIP-10.190.250.100,CMDBWAFVIPMODE,Blocking
WAFVIP-10.190.250.100,CMDBWAFVIPMODE,Transparent
WAFVIP-10.190.250.101,CMDBWAFVIPMODE,Blocking
WAFVIP-10.190.250.103,CMDBWAFVIPMODE,Blocking
WAFVIP-10.190.250.105,CMDBWAFVIPMODE,Transparent
WAFVIP-10.190.250.105,CMDBWAFVIPMODE,Transparent
WAFVIP-10.190.250.106,CMDBWAFVIPMODE,Blocking
WAFVIP-10.190.250.107,CMDBWAFVIPMODE,Blocking
WAFVIP-10.190.250.108,CMDBWAFVIPMODE,Transparent
WAFVIP-10.190.250.109,CMDBWAFVIPMODE,Transparent
WAFVIP-10.190.250.111,CMDBWAFVIPMODE,Blocking
WAFVIP-10.190.250.112,CMDBWAFVIPMODE,Blocking
WAFVIP-10.190.250.114,CMDBWAFVIPMODE,Transparent
WAFVIP-10.190.250.115,CMDBWAFVIPMODE,Blocking
WAFVIP-10.190.250.116,CMDBWAFVIPMODE,Transparent
WAFVIP-10.190.250.118,CMDBWAFVIPMODE,Blocking
WAFVIP-10.190.250.119,CMDBWAFVIPMODE,Blocking
WAFVIP-10.190.250.12,CMDBWAFVIPMODE,Blocking
WAFVIP-10.190.250.120,CMDBWAFVIPMODE,Transparent
WAFVIP-10.190.250.121,CMDBWAFVIPMODE,Blocking
WAFVIP-10.190.250.122,CMDBWAFVIPMODE,Blocking
WAFVIP-10.190.250.123,CMDBWAFVIPMODE,Blocking
WAFVIP-10.190.250.124,CMDBWAFVIPMODE,Blocking
WAFVIP-10.190.250.13,CMDBWAFVIPMODE,Blocking
WAFVIP-10.190.250.130,CMDBWAFVIPMODE,Blocking
WAFVIP-10.190.250.132,CMDBWAFVIPMODE,Blocking
WAFVIP-10.190.250.133,CMDBWAFVIPMODE,Blocking
WAFVIP-10.190.250.134,CMDBWAFVIPMODE,Blocking
WAFVIP-10.190.250.14,CMDBWAFVIPMODE,Transparent
WAFVIP-10.190.250.15,CMDBWAFVIPMODE,Blocking
WAFVIP-10.190.250.17,CMDBWAFVIPMODE,Blocking
WAFVIP-10.190.250.18,CMDBWAFVIPMODE,Transparent
WAFVIP-10.190.250.180,CMDBWAFVIPMODE,Blocking
WAFVIP-10.190.250.181,CMDBWAFVIPMODE,Transparent
WAFVIP-10.190.250.182,CMDBWAFVIPMODE,Transparent
WAFVIP-10.190.250.19,CMDBWAFVIPMODE,Blocking
WAFVIP-10.190.250.191,CMDBWAFVIPMODE,Blocking
WAFVIP-10.190.250.191,CMDBWAFVIPMODE,Transparent
WAFVIP-10.190.250.191,CMDBWAFVIPMODE,Transparent
WAFVIP-10.190.250.199,CMDBWAFVIPMODE,Blocking
WAFVIP-10.190.250.2,CMDBWAFVIPMODE,Blocking
WAFVIP-10.190.250.20,CMDBWAFVIPMODE,Transparent
WAFVIP-10.190.250.200,CMDBWAFVIPMODE,Transparent
WAFVIP-10.190.250.203,CMDBWAFVIPMODE,Blocking
WAFVIP-10.190.250.204,CMDBWAFVIPMODE,Blocking
WAFVIP-10.190.250.205,CMDBWAFVIPMODE,Blocking
WAFVIP-10.190.250.206,CMDBWAFVIPMODE,Blocking
WAFVIP-10.190.250.207,CMDBWAFVIPMODE,Blocking
WAFVIP-10.190.250.208,CMDBWAFVIPMODE,Blocking
WAFVIP-10.190.250.209,CMDBWAFVIPMODE,Blocking
WAFVIP-10.190.250.210,CMDBWAFVIPMODE,Blocking
WAFVIP-10.190.250.211,CMDBWAFVIPMODE,Blocking
WAFVIP-10.190.250.212,CMDBWAFVIPMODE,Blocking
WAFVIP-10.190.250.214,CMDBWAFVIPMODE,Blocking
WAFVIP-10.190.250.215,CMDBWAFVIPMODE,Blocking
WAFVIP-10.190.250.216,CMDBWAFVIPMODE,Blocking
WAFVIP-10.190.250.217,CMDBWAFVIPMODE,Blocking
WAFVIP-10.190.250.218,CMDBWAFVIPMODE,Blocking
WAFVIP-10.190.250.219,CMDBWAFVIPMODE,Transparent
WAFVIP-10.190.250.22,CMDBWAFVIPMODE,Transparent
WAFVIP-10.190.250.220,CMDBWAFVIPMODE,Blocking
WAFVIP-10.190.250.221,CMDBWAFVIPMODE,Blocking
WAFVIP-10.190.250.222,CMDBWAFVIPMODE,Blocking
WAFVIP-10.190.250.223,CMDBWAFVIPMODE,Transparent
WAFVIP-10.190.250.223,CMDBWAFVIPMODE,Transparent
WAFVIP-10.190.250.224,CMDBWAFVIPMODE,Transparent
WAFVIP-10.190.250.224,CMDBWAFVIPMODE,Transparent
WAFVIP-10.190.250.225,CMDBWAFVIPMODE,Transparent
WAFVIP-10.190.250.225,CMDBWAFVIPMODE,Transparent
WAFVIP-10.190.250.226,CMDBWAFVIPMODE,Blocking
WAFVIP-10.190.250.228,CMDBWAFVIPMODE,Blocking
WAFVIP-10.190.250.23,CMDBWAFVIPMODE,Transparent
WAFVIP-10.190.250.24,CMDBWAFVIPMODE,Transparent
WAFVIP-10.190.250.25,CMDBWAFVIPMODE,Blocking
WAFVIP-10.190.250.250,CMDBWAFVIPMODE,Transparent
WAFVIP-10.190.250.26,CMDBWAFVIPMODE,Blocking
WAFVIP-10.190.250.27,CMDBWAFVIPMODE,Transparent
WAFVIP-10.190.250.28,CMDBWAFVIPMODE,Blocking
WAFVIP-10.190.250.29,CMDBWAFVIPMODE,Transparent
WAFVIP-10.190.250.30,CMDBWAFVIPMODE,Blocking
WAFVIP-10.190.250.31,CMDBWAFVIPMODE,Blocking
WAFVIP-10.190.250.32,CMDBWAFVIPMODE,Blocking
WAFVIP-10.190.250.33,CMDBWAFVIPMODE,Transparent
WAFVIP-10.190.250.34,CMDBWAFVIPMODE,Transparent
WAFVIP-10.190.250.35,CMDBWAFVIPMODE,Transparent
WAFVIP-10.190.250.36,CMDBWAFVIPMODE,Transparent
WAFVIP-10.190.250.37,CMDBWAFVIPMODE,Blocking
WAFVIP-10.190.250.38,CMDBWAFVIPMODE,Blocking
WAFVIP-10.190.250.39,CMDBWAFVIPMODE,Transparent
WAFVIP-10.190.250.4,CMDBWAFVIPMODE,Transparent
WAFVIP-10.190.250.41,CMDBWAFVIPMODE,Transparent
WAFVIP-10.190.250.42,CMDBWAFVIPMODE,Blocking
WAFVIP-10.190.250.43,CMDBWAFVIPMODE,Blocking
WAFVIP-10.190.250.44,CMDBWAFVIPMODE,Blocking
WAFVIP-10.190.250.45,CMDBWAFVIPMODE,Transparent
WAFVIP-10.190.250.46,CMDBWAFVIPMODE,Blocking
WAFVIP-10.190.250.47,CMDBWAFVIPMODE,Transparent
WAFVIP-10.190.250.48,CMDBWAFVIPMODE,Blocking
WAFVIP-10.190.250.5,CMDBWAFVIPMODE,Blocking
WAFVIP-10.190.250.52,CMDBWAFVIPMODE,Blocking
WAFVIP-10.190.250.53,CMDBWAFVIPMODE,Blocking
WAFVIP-10.190.250.54,CMDBWAFVIPMODE,Transparent
WAFVIP-10.190.250.55,CMDBWAFVIPMODE,Blocking
WAFVIP-10.190.250.56,CMDBWAFVIPMODE,Transparent
WAFVIP-10.190.250.57,CMDBWAFVIPMODE,Transparent
WAFVIP-10.190.250.58,CMDBWAFVIPMODE,Transparent
WAFVIP-10.190.250.59,CMDBWAFVIPMODE,Blocking
WAFVIP-10.190.250.6,CMDBWAFVIPMODE,Blocking
WAFVIP-10.190.250.62,CMDBWAFVIPMODE,Blocking
WAFVIP-10.190.250.63,CMDBWAFVIPMODE,Blocking
WAFVIP-10.190.250.64,CMDBWAFVIPMODE,Blocking
WAFVIP-10.190.250.65,CMDBWAFVIPMODE,Blocking
WAFVIP-10.190.250.67,CMDBWAFVIPMODE,Blocking
WAFVIP-10.190.250.68,CMDBWAFVIPMODE,Blocking
WAFVIP-10.190.250.69,CMDBWAFVIPMODE,Blocking
WAFVIP-10.190.250.7,CMDBWAFVIPMODE,Transparent
WAFVIP-10.190.250.70,CMDBWAFVIPMODE,Transparent
WAFVIP-10.190.250.71,CMDBWAFVIPMODE,Transparent
WAFVIP-10.190.250.72,CMDBWAFVIPMODE,Blocking
WAFVIP-10.190.250.73,CMDBWAFVIPMODE,Blocking
WAFVIP-10.190.250.74,CMDBWAFVIPMODE,Blocking
WAFVIP-10.190.250.75,CMDBWAFVIPMODE,Blocking
WAFVIP-10.190.250.76,CMDBWAFVIPMODE,Blocking
WAFVIP-10.190.250.78,CMDBWAFVIPMODE,Blocking
WAFVIP-10.190.250.79,CMDBWAFVIPMODE,Blocking
WAFVIP-10.190.250.79,CMDBWAFVIPMODE,Blocking
WAFVIP-10.190.250.8,CMDBWAFVIPMODE,Transparent
WAFVIP-10.190.250.80,CMDBWAFVIPMODE,Blocking
WAFVIP-10.190.250.81,CMDBWAFVIPMODE,Blocking
WAFVIP-10.190.250.82,CMDBWAFVIPMODE,Transparent
WAFVIP-10.190.250.83,CMDBWAFVIPMODE,Transparent
WAFVIP-10.190.250.84,CMDBWAFVIPMODE,Blocking
WAFVIP-10.190.250.85,CMDBWAFVIPMODE,Blocking
WAFVIP-10.190.250.86,CMDBWAFVIPMODE,Transparent
WAFVIP-10.190.250.87,CMDBWAFVIPMODE,Blocking
WAFVIP-10.190.250.88,CMDBWAFVIPMODE,Transparent
WAFVIP-10.190.250.89,CMDBWAFVIPMODE,Transparent
WAFVIP-10.190.250.9,CMDBWAFVIPMODE,Transparent
WAFVIP-10.190.250.90,CMDBWAFVIPMODE,Transparent
WAFVIP-10.190.250.91,CMDBWAFVIPMODE,Blocking
WAFVIP-10.190.250.92,CMDBWAFVIPMODE,Blocking
WAFVIP-10.190.250.93,CMDBWAFVIPMODE,Blocking
WAFVIP-10.190.250.94,CMDBWAFVIPMODE,Blocking
WAFVIP-10.190.250.95,CMDBWAFVIPMODE,Blocking
WAFVIP-10.190.250.97,CMDBWAFVIPMODE,Blocking
WAFVIP-10.190.250.98,CMDBWAFVIPMODE,Blocking
WAFVIP-10.190.250.99,CMDBWAFVIPMODE,Blocking
WAFVIP-10.31.39.12,CMDBWAFVIPMODE,Blocking
WAFVIP-10.31.39.13,CMDBWAFVIPMODE,Blocking
WAFVIP-10.31.39.14,CMDBWAFVIPMODE,Blocking
WAFVIP-10.31.39.15,CMDBWAFVIPMODE,Transparent
WAFVIP-10.31.39.16,CMDBWAFVIPMODE,Transparent
WAFVIP-10.31.39.17,CMDBWAFVIPMODE,Blocking
WAFVIP-10.31.39.18,CMDBWAFVIPMODE,Blocking
WAFVIP-10.31.39.19,CMDBWAFVIPMODE,Blocking
WAFVIP-10.31.39.21,CMDBWAFVIPMODE,Blocking
WAFVIP-10.31.39.23,CMDBWAFVIPMODE,Transparent
WAFVIP-10.31.39.27,CMDBWAFVIPMODE,Blocking
WAFVIP-10.31.39.28,CMDBWAFVIPMODE,Transparent
WAFVIP-10.31.39.29,CMDBWAFVIPMODE,Blocking
WAFVIP-10.31.39.30,CMDBWAFVIPMODE,Blocking
WAFVIP-10.31.39.31,CMDBWAFVIPMODE,Blocking
WAFVIP-10.31.39.34,CMDBWAFVIPMODE,Blocking
WAFVIP-10.31.39.35,CMDBWAFVIPMODE,Transparent
WAFVIP-10.31.39.36,CMDBWAFVIPMODE,Blocking
WAFVIP-10.31.39.40,CMDBWAFVIPMODE,Blocking
WAFVIP-10.31.39.41,CMDBWAFVIPMODE,Blocking
WAFVIP-10.31.39.42,CMDBWAFVIPMODE,Blocking
WAFVIP-10.31.39.5,CMDBWAFVIPMODE,Blocking
WAFVIP-10.31.39.52,CMDBWAFVIPMODE,Blocking
WAFVIP-10.31.39.6,CMDBWAFVIPMODE,Blocking
WAFVIP-10.31.39.68,CMDBWAFVIPMODE,Blocking
WAFVIP-10.31.39.7,CMDBWAFVIPMODE,Blocking
WAFVIP-10.31.39.8,CMDBWAFVIPMODE,Blocking
WAFVIP-10.94.0.103,CMDBWAFVIPMODE,Blocking
WAFVIP-10.94.0.104,CMDBWAFVIPMODE,Blocking
WAFVIP-10.94.0.105,CMDBWAFVIPMODE,Blocking
WAFVIP-10.94.0.106,CMDBWAFVIPMODE,Blocking
WAFVIP-10.94.0.107,CMDBWAFVIPMODE,Blocking
WAFVIP-10.94.0.108,CMDBWAFVIPMODE,Blocking
WAFVIP-10.94.0.109,CMDBWAFVIPMODE,Transparent
WAFVIP-10.94.0.111,CMDBWAFVIPMODE,Blocking
WAFVIP-10.94.0.112,CMDBWAFVIPMODE,Blocking
WAFVIP-10.94.0.113,CMDBWAFVIPMODE,Transparent
WAFVIP-10.94.0.114,CMDBWAFVIPMODE,Blocking
WAFVIP-10.94.0.115,CMDBWAFVIPMODE,Blocking
WAFVIP-10.94.0.116,CMDBWAFVIPMODE,Blocking
WAFVIP-10.94.0.120,CMDBWAFVIPMODE,Blocking
WAFVIP-10.94.0.122,CMDBWAFVIPMODE,Blocking
WAFVIP-10.94.0.123,CMDBWAFVIPMODE,Blocking
WAFVIP-10.94.0.128,CMDBWAFVIPMODE,Blocking
WAFVIP-10.94.0.17,CMDBWAFVIPMODE,Transparent
WAFVIP-10.94.0.185,CMDBWAFVIPMODE,Blocking
WAFVIP-10.94.0.2,CMDBWAFVIPMODE,Blocking
WAFVIP-10.94.0.20,CMDBWAFVIPMODE,Blocking
WAFVIP-10.94.0.200,CMDBWAFVIPMODE,Blocking
WAFVIP-10.94.0.201,CMDBWAFVIPMODE,Transparent
WAFVIP-10.94.0.201,CMDBWAFVIPMODE,Transparent
WAFVIP-10.94.0.201,CMDBWAFVIPMODE,Transparent
WAFVIP-10.94.0.202,CMDBWAFVIPMODE,Transparent
WAFVIP-10.94.0.204,CMDBWAFVIPMODE,Blocking
WAFVIP-10.94.0.205,CMDBWAFVIPMODE,Blocking
WAFVIP-10.94.0.206,CMDBWAFVIPMODE,Blocking
WAFVIP-10.94.0.23,CMDBWAFVIPMODE,Transparent
WAFVIP-10.94.0.24,CMDBWAFVIPMODE,Transparent
WAFVIP-10.94.0.25,CMDBWAFVIPMODE,Blocking
WAFVIP-10.94.0.26,CMDBWAFVIPMODE,Blocking
WAFVIP-10.94.0.28,CMDBWAFVIPMODE,Blocking
WAFVIP-10.94.0.3,CMDBWAFVIPMODE,Transparent
WAFVIP-10.94.0.30,CMDBWAFVIPMODE,Blocking
WAFVIP-10.94.0.31,CMDBWAFVIPMODE,Blocking
WAFVIP-10.94.0.32,CMDBWAFVIPMODE,Blocking
WAFVIP-10.94.0.33,CMDBWAFVIPMODE,Blocking
WAFVIP-10.94.0.34,CMDBWAFVIPMODE,Blocking
WAFVIP-10.94.0.35,CMDBWAFVIPMODE,Blocking
WAFVIP-10.94.0.36,CMDBWAFVIPMODE,Blocking
WAFVIP-10.94.0.37,CMDBWAFVIPMODE,Blocking
WAFVIP-10.94.0.39,CMDBWAFVIPMODE,Blocking
WAFVIP-10.94.0.40,CMDBWAFVIPMODE,Blocking
WAFVIP-10.94.0.41,CMDBWAFVIPMODE,Blocking
WAFVIP-10.94.0.42,CMDBWAFVIPMODE,Transparent
WAFVIP-10.94.0.43,CMDBWAFVIPMODE,Blocking
WAFVIP-10.94.0.45,CMDBWAFVIPMODE,Blocking
WAFVIP-10.94.0.47,CMDBWAFVIPMODE,Blocking
WAFVIP-10.94.0.49,CMDBWAFVIPMODE,Blocking
WAFVIP-10.94.0.5,CMDBWAFVIPMODE,Blocking
WAFVIP-10.94.0.52,CMDBWAFVIPMODE,Blocking
WAFVIP-10.94.0.54,CMDBWAFVIPMODE,Transparent
WAFVIP-10.94.0.56,CMDBWAFVIPMODE,Blocking
WAFVIP-10.94.0.57,CMDBWAFVIPMODE,Blocking
WAFVIP-10.94.0.58,CMDBWAFVIPMODE,Transparent
WAFVIP-10.94.0.59,CMDBWAFVIPMODE,Blocking
WAFVIP-10.94.0.6,CMDBWAFVIPMODE,Blocking
WAFVIP-10.94.0.60,CMDBWAFVIPMODE,Transparent
WAFVIP-10.94.0.64,CMDBWAFVIPMODE,Blocking
WAFVIP-10.94.0.65,CMDBWAFVIPMODE,Transparent
WAFVIP-10.94.0.68,CMDBWAFVIPMODE,Blocking
WAFVIP-10.94.0.69,CMDBWAFVIPMODE,Blocking
WAFVIP-10.94.0.7,CMDBWAFVIPMODE,Blocking
WAFVIP-10.94.0.71,CMDBWAFVIPMODE,Blocking
WAFVIP-10.94.0.72,CMDBWAFVIPMODE,Blocking
WAFVIP-10.94.0.72,CMDBWAFVIPMODE,Transparent
WAFVIP-10.94.0.73,CMDBWAFVIPMODE,Blocking
WAFVIP-10.94.0.74,CMDBWAFVIPMODE,Blocking
WAFVIP-10.94.0.75,CMDBWAFVIPMODE,Blocking
WAFVIP-10.94.0.76,CMDBWAFVIPMODE,Blocking
WAFVIP-10.94.0.77,CMDBWAFVIPMODE,Blocking
WAFVIP-10.94.0.79,CMDBWAFVIPMODE,Blocking
WAFVIP-10.94.0.8,CMDBWAFVIPMODE,Blocking
WAFVIP-10.94.0.81,CMDBWAFVIPMODE,Blocking
WAFVIP-10.94.0.82,CMDBWAFVIPMODE,Blocking
WAFVIP-10.94.0.83,CMDBWAFVIPMODE,Blocking
WAFVIP-10.94.0.86,CMDBWAFVIPMODE,Blocking
WAFVIP-10.94.0.87,CMDBWAFVIPMODE,Blocking
WAFVIP-10.94.0.88,CMDBWAFVIPMODE,Transparent
WAFVIP-10.94.0.9,CMDBWAFVIPMODE,Blocking
WAFVIP-10.94.0.91,CMDBWAFVIPMODE,Blocking
WAFVIP-10.94.0.91,CMDBWAFVIPMODE,Blocking
WAFVIP-10.94.0.92,CMDBWAFVIPMODE,Blocking
WAFVIP-10.94.0.93,CMDBWAFVIPMODE,Blocking
WAFVIP-10.94.0.95,CMDBWAFVIPMODE,Blocking
WAFVIP-10.94.0.96,CMDBWAFVIPMODE,Blocking
WAFVIP-10.94.0.97,CMDBWAFVIPMODE,Blocking
WAFVIP-10.94.0.97,CMDBWAFVIPMODE,Blocking
WAFVIP-10.94.0.98,CMDBWAFVIPMODE,Blocking
WAFVIP-10.94.0.99,CMDBWAFVIPMODE,Blocking
WAFVIP-10.94.0.99,CMDBWAFVIPMODE,Blocking
WAFVIP-10.94.1.2,CMDBWAFVIPMODE,Transparent
WAFVIP-10.94.1.23,CMDBWAFVIPMODE,Blocking
WAFVIP-10.94.1.26,CMDBWAFVIPMODE,Blocking
WAFVIP-10.94.1.42,CMDBWAFVIPMODE,Blocking
WAFVIP-10.94.1.43,CMDBWAFVIPMODE,Blocking
WAFVIP-10.94.1.58,CMDBWAFVIPMODE,Transparent
WAFVIP-10.94.1.60,CMDBWAFVIPMODE,Blocking
WAFVIP-10.94.1.65,CMDBWAFVIPMODE,Blocking
WAFVIP-10.94.1.80,CMDBWAFVIPMODE,Transparent
WAFVIP-10.94.1.9,CMDBWAFVIPMODE,Blocking
WAFVIP-10.94.2.7,CMDBWAFVIPMODE,Transparent
